135153,150873,38140,0.17,-0.952,-0.035,0.305,0.671,0.793,161.855
135153,150857,13335,0.171,-0.948,-0.038,0.244,0.549,0.671,161.861
135166,150873,38140,0.171,-0.948,-0.038,0.244,0.549,0.671,161.865
135166,150856,13314,0.172,-0.952,-0.033,-0.122,0.488,0.671,161.871
135183,150873,38140,0.172,-0.952,-0.033,-0.122,0.488,0.671,161.875
135183,150885,13324,0.17,-0.95,-0.034,-0.427,0.488,0.427,161.881
135187,150873,38140,0.17,-0.95,-0.034,-0.427,0.488,0.427,161.885
135187,150898,13317,0.173,-0.953,-0.032,-0.244,0.366,0.183,161.891
135175,150873,38140,0.173,-0.953,-0.032,-0.244,0.366,0.183,161.895
135175,150891,13321,0.171,-0.949,-0.034,-0.183,0.305,0.122,161.901
135174,150873,38140,0.171,-0.949,-0.034,-0.183,0.305,0.122,161.905
135174,150900,13328,0.173,-0.944,-0.035,0.061,0.488,0.183,161.911
135204,150873,38140,0.173,-0.944,-0.035,0.061,0.488,0.183,161.915
135204,150891,13327,0.172,-0.946,-0.036,0.122,0.61,0.183,161.921
135171,150873,38140,0.172,-0.946,-0.036,0.122,0.61,0.183,161.925
135171,150880,13329,0.17,-0.941,-0.034,0,0.549,0.427,161.931
135186,150873,38140,0.17,-0.941,-0.034,0,0.549,0.427,161.935
135186,150896,13330,0.167,-0.945,-0.03,-0.061,0.488,0.427,161.941
135196,150873,38140,0.167,-0.945,-0.03,-0.061,0.488,0.427,161.944
135196,150889,13335,0.164,-0.946,-0.033,-0.488,0.488,0.305,161.951
135213,150873,38140,0.164,-0.946,-0.033,-0.488,0.488,0.305,161.954
135213,150889,13325,0.166,-0.948,-0.032,-0.488,0.366,0.244,161.96
135195,150873,38140,0.166,-0.948,-0.032,-0.488,0.366,0.244,161.964
135195,150909,13343,0.168,-0.946,-0.033,-0.488,0.366,0.244,161.97
135207,150873,38140,0.167,-0.945,-0.033,-0.305,0.305,0.183,161.974
135207,150913,13331,0.17,-0.946,-0.034,-0.305,0.305,0.183,161.98
135222,150873,38140,0.17,-0.946,-0.03,-0.061,0.244,0.244,161.984
135222,150892,13332,0.173,-0.947,-0.031,-0.061,0.244,0.244,161.99
135183,150873,38140,0.172,-0.946,-0.035,-0.244,0.183,0.183,161.994
135183,150904,13321,0.173,-0.945,-0.04,-0.244,0.183,0.183,162
135186,150873,38140,0.175,-0.947,-0.038,0,0.183,0.244,162.004
135186,150884,13336,0.172,-0.945,-0.034,0,0.183,0.244,162.01
135198,150873,38140,0.173,-0.946,-0.033,0.427,0.122,0.366,162.014
135198,150882,13323,0.173,-0.944,-0.034,0.427,0.122,0.366,162.02
135192,150873,38140,0.173,-0.938,-0.028,0.549,0.183,0.549,162.024
135192,150889,13346,0.173,-0.939,-0.034,0.549,0.183,0.549,162.03
135212,150873,38140,0.17,-0.947,-0.039,0.122,0.183,0.61,162.033
135212,150899,13321,0.17,-0.954,-0.039,0.122,0.183,0.61,162.04
135209,150873,38140,0.17,-0.955,-0.036,0.061,0.305,0.488,162.043
135209,150884,13340,0.168,-0.952,-0.036,0.061,0.305,0.488,162.05
135215,150873,38140,0.169,-0.947,-0.036,-0.183,0.305,0.427,162.053
135215,150877,13325,0.171,-0.947,-0.039,-0.183,0.305,0.427,162.059
135228,150873,38140,0.168,-0.949,-0.037,0.122,0.366,0.427,162.063
135228,150888,13349,0.17,-0.951,-0.032,0.122,0.366,0.427,162.069
135216,150873,38140,0.171,-0.947,-0.034,0.122,0.427,0.183,162.073
135216,150886,13342,0.168,-0.944,-0.033,0.122,0.427,0.183,162.079
135224,150873,38140,0.17,-0.947,-0.03,-0.244,0.488,0.122,162.083
135224,150891,13332,0.171,-0.951,-0.036,-0.244,0.488,0.122,162.089
135210,150873,38140,0.173,-0.947,-0.043,-0.427,0.549,0.122,162.093
135210,150898,13333,0.172,-0.948,-0.039,-0.427,0.549,0.122,162.099
135212,150873,38140,0.17,-0.946,-0.031,-0.183,0.671,0.061,162.103
135212,150897,13325,0.17,-0.945,-0.029,-0.183,0.671,0.061,162.109
135196,150873,38140,0.172,-0.942,-0.031,0.183,0.61,0.122,162.113
135196,150870,13306,0.171,-0.942,-0.036,0.183,0.61,0.122,162.119
135201,150873,38140,0.172,-0.942,-0.037,0.122,0.488,0.305,162.123
135201,150881,13322,0.171,-0.942,-0.033,0.122,0.488,0.305,162.129
135218,150873,38140,0.167,-0.94,-0.03,0.183,0.549,0.305,162.132
135218,150874,13314,0.171,-0.938,-0.034,0.183,0.549,0.305,162.139
135198,150873,38140,0.17,-0.937,-0.033,-0.244,0.549,0.61,162.142
135198,150850,13324,0.17,-0.946,-0.029,-0.244,0.549,0.61,162.149
135209,150873,38140,0.169,-0.952,-0.028,-0.488,0.244,0.671,162.152
135209,150883,13328,0.172,-0.954,-0.028,-0.488,0.244,0.671,162.158
135214,150873,38140,0.171,-0.955,-0.026,-0.061,0,0.488,162.162
135214,150865,13333,0.174,-0.955,-0.03,-0.061,0,0.488,162.168
135218,150873,38140,0.17,-0.951,-0.037,0.244,0.183,0.61,162.172
135218,150891,13322,0.169,-0.954,-0.041,0.244,0.183,0.61,162.178
135212,150873,38140,0.167,-0.954,-0.036,0.671,0.488,0.671,162.182
135212,150860,13319,0.168,-0.948,-0.035,0.671,0.488,0.671,162.188
135229,150873,38140,0.169,-0.947,-0.039,0.488,0.488,0.488,162.192
135229,150894,13328,0.171,-0.944,-0.035,0.488,0.488,0.488,162.198
135214,150873,38140,0.168,-0.946,-0.034,-0.183,0.305,0.305,162.202
135214,150877,13340,0.17,-0.951,-0.037,-0.183,0.305,0.305,162.208
135227,150873,38140,0.167,-0.949,-0.036,-0.244,0.427,0,162.212
135227,150868,13326,0.165,-0.948,-0.038,-0.244,0.427,0,162.218
135212,150873,38140,0.166,-0.949,-0.037,-0.61,0.549,0.061,162.222
135212,150864,13336,0.169,-0.95,-0.032,-0.61,0.549,0.061,162.228
135220,150873,38140,0.169,-0.948,-0.03,0,0.366,0.305,162.231
135220,150892,13326,0.167,-0.945,-0.027,0,0.366,0.305,162.238
135203,150873,38140,0.169,-0.942,-0.027,0.244,0.427,0.488,162.241
135203,150875,13321,0.174,-0.938,-0.029,0.244,0.427,0.488,162.248
135207,150873,38140,0.171,-0.94,-0.03,0.061,0.305,0.427,162.251
135207,150873,13324,0.171,-0.942,-0.031,0.061,0.305,0.427,162.257
135203,150873,38140,0.173,-0.946,-0.035,-0.183,0.122,0.305,162.261
135203,150883,13312,0.176,-0.946,-0.036,-0.183,0.122,0.305,162.267
135216,150873,38140,0.175,-0.948,-0.038,-0.244,0.183,0.488,162.271
135216,150892,13329,0.171,-0.948,-0.031,-0.244,0.183,0.488,162.277
135223,150873,38140,0.17,-0.949,-0.031,-0.061,0.366,0.366,162.281
135223,150857,13336,0.173,-0.949,-0.031,-0.061,0.366,0.366,162.287
135229,150873,38140,0.171,-0.949,-0.034,-0.244,0.488,0.366,162.291
135229,150888,13333,0.173,-0.951,-0.033,-0.244,0.488,0.366,162.297
135202,150873,38140,0.173,-0.951,-0.034,-0.305,0.549,0.366,162.301
135202,150873,13347,0.17,-0.948,-0.037,-0.305,0.549,0.366,162.307
135230,150873,38140,0.17,-0.952,-0.041,0,0.61,0.366,162.311
135230,150878,13346,0.17,-0.948,-0.039,0,0.61,0.366,162.317
135201,150873,38140,0.167,-0.945,-0.043,0.122,0.793,0.427,162.321
135201,150893,13330,0.167,-0.946,-0.039,0.122,0.793,0.427,162.327
135223,150873,38140,0.168,-0.944,-0.04,0.305,0.732,0.427,162.33
135223,150878,13339,0.166,-0.943,-0.036,0.305,0.732,0.427,162.337
135225,150873,38140,0.169,-0.944,-0.027,0.305,0.61,0.549,162.34
135225,150880,13334,0.168,-0.944,-0.022,0.305,0.61,0.549,162.346
135220,150873,38140,0.168,-0.944,-0.024,-0.061,0.488,0.488,162.35
135220,150915,13333,0.169,-0.946,-0.034,-0.061,0.488,0.488,162.356
135230,150873,38140,0.168,-0.947,-0.033,-0.366,0.305,0.61,162.36
135230,150907,13342,0.169,-0.947,-0.03,-0.366,0.305,0.61,162.366
135228,150873,38140,0.17,-0.949,-0.029,-0.122,0.305,0.61,162.37
135228,150900,13344,0.172,-0.947,-0.031,-0.122,0.305,0.61,162.376
135239,150873,38140,0.171,-0.945,-0.029,-0.183,0.305,0.549,162.38
135239,150885,13339,0.17,-0.946,-0.038,-0.183,0.305,0.549,162.386
135233,150873,38140,0.169,-0.952,-0.035,-0.366,0.244,0.366,162.39
135233,150903,13349,0.171,-0.955,-0.034,-0.366,0.244,0.366,162.396
135236,150873,38140,0.17,-0.954,-0.031,-0.183,0.305,0.183,162.4
135236,150877,13336,0.172,-0.949,-0.034,-0.183,0.305,0.183,162.406
135228,150873,38140,0.172,-0.949,-0.034,-0.183,0.305,0.183,162.41
135228,150879,13324,0.17,-0.95,-0.033,-0.183,0.366,0.305,162.416
135210,150873,38140,0.17,-0.95,-0.033,-0.183,0.366,0.305,162.42
135210,150897,13345,0.169,-0.949,-0.031,0.061,0.488,0.183,162.426
135229,150873,38140,0.169,-0.949,-0.031,0.061,0.488,0.183,162.429
135229,150913,13332,0.168,-0.942,-0.037,0.244,0.549,0,162.436
135228,150873,38140,0.168,-0.942,-0.037,0.244,0.549,0,162.439
135228,150903,13330,0.169,-0.942,-0.032,0.244,0.61,0.122,162.445
135247,150873,38140,0.169,-0.942,-0.032,0.244,0.61,0.122,162.449
135247,150897,13345,0.17,-0.944,-0.033,0.305,0.427,0.122,162.455
135258,150873,38140,0.17,-0.944,-0.033,0.305,0.427,0.122,162.459
135258,150930,13363,0.171,-0.947,-0.034,-0.305,0.366,0.183,162.465
135264,150873,38140,0.171,-0.947,-0.034,-0.305,0.366,0.183,162.469
135264,150933,13348,0.17,-0.956,-0.025,-0.183,0.427,0.366,162.475
135260,150873,38140,0.17,-0.956,-0.025,-0.183,0.427,0.366,162.479
135260,150910,13374,0.166,-0.939,-0.037,0.122,0.61,0.183,162.485
135269,150873,38140,0.166,-0.939,-0.037,0.122,0.61,0.183,162.489
135269,150947,13368,0.172,-0.948,-0.033,0.183,0.61,0.732,162.495
135280,150873,38140,0.172,-0.948,-0.033,0.183,0.61,0.732,162.499
135280,150920,13348,0.174,-0.94,-0.038,0.244,0.183,0.244,162.505
135264,150873,38140,0.174,-0.94,-0.038,0.244,0.183,0.244,162.509
135264,150946,13360,0.168,-0.946,-0.035,-0.122,0.305,0.61,162.515
135267,150873,38140,0.168,-0.946,-0.035,-0.122,0.305,0.61,162.518
135267,150952,13358,0.165,-0.943,-0.044,0.122,0.488,0.732,162.525
135281,150873,38140,0.165,-0.943,-0.044,0.122,0.488,0.732,162.528
135281,150935,13374,0.171,-0.947,-0.027,-0.061,0.671,0.549,162.535
135299,150873,38140,0.171,-0.947,-0.027,-0.061,0.671,0.549,162.538
135299,150944,13364,0.172,-0.947,-0.026,-0.305,0.61,0.549,162.544
135302,150873,38140,0.175,-0.948,-0.031,-0.305,0.61,0.549,162.548
135302,150978,13378,0.179,-0.949,-0.035,-0.549,0.61,0.427,162.554
135312,150873,38140,0.18,-0.952,-0.033,-0.549,0.61,0.427,162.558
135312,150958,13385,0.177,-0.956,-0.031,-0.244,0.915,0.366,162.564
135299,150873,38140,0.171,-0.955,-0.03,-0.244,0.915,0.366,162.568
135299,150979,13382,0.171,-0.952,-0.035,0.061,1.28,0.427,162.574
135301,150873,38140,0.17,-0.953,-0.034,0.061,1.28,0.427,162.578
135301,150989,13361,0.174,-0.948,-0.035,0.183,0.854,0.427,162.584
135317,150873,38140,0.17,-0.952,-0.033,0.183,0.854,0.427,162.588
135317,150963,13374,0.17,-0.949,-0.031,0.427,0.854,0.244,162.594
135313,150873,38140,0.171,-0.945,-0.034,0.427,0.854,0.244,162.598
135313,150972,13382,0.168,-0.945,-0.032,0.244,1.098,0.244,162.604
135309,150873,38140,0.167,-0.941,-0.031,0.244,1.098,0.244,162.608
135309,150969,13385,0.169,-0.943,-0.03,-0.366,0.732,0.244,162.614
135302,150873,38140,0.169,-0.945,-0.031,-0.366,0.732,0.244,162.617
135302,150923,13374,0.172,-0.946,-0.028,-0.305,0.488,0.244,162.624
135276,150873,38140,0.174,-0.945,-0.031,-0.305,0.488,0.244,162.627
135276,150941,13381,0.171,-0.943,-0.034,-0.305,0.61,0.427,162.634
135310,150873,38140,0.168,-0.948,-0.033,-0.305,0.61,0.427,162.637
135310,150946,13375,0.172,-0.948,-0.034,0.244,0.61,0.61,162.643
135289,150873,38140,0.17,-0.945,-0.037,0.244,0.61,0.61,162.647
135289,150919,13377,0.167,-0.945,-0.029,0.366,0.793,0.549,162.653
135304,150873,38140,0.167,-0.946,-0.028,0.366,0.793,0.549,162.657
135304,150939,13376,0.17,-0.946,-0.023,0.122,0.549,0.488,162.663
135304,150873,38140,0.171,-0.945,-0.023,0.122,0.549,0.488,162.667
135304,150935,13386,0.168,-0.949,-0.029,-0.793,0.366,0.366,162.673
135316,150873,38140,0.168,-0.956,-0.03,-0.793,0.366,0.366,162.677
135316,150940,13375,0.167,-0.955,-0.031,-0.61,0.61,0.183,162.683
135286,150873,38140,0.167,-0.951,-0.029,-0.61,0.61,0.183,162.687
135286,150932,13380,0.171,-0.947,-0.038,-0.305,0.61,0.366,162.693
135302,150873,38140,0.17,-0.946,-0.035,-0.305,0.61,0.366,162.697
135302,150929,13375,0.168,-0.948,-0.034,0.305,0.549,0.427,162.703
135300,150873,38140,0.168,-0.944,-0.034,0.305,0.549,0.427,162.707
135300,150910,13378,0.168,-0.944,-0.031,0.244,0.732,0.122,162.713
135305,150873,38140,0.168,-0.945,-0.03,0.244,0.732,0.122,162.716
135305,150942,13375,0.169,-0.945,-0.034,-0.488,0.488,0.244,162.723
135316,150873,38140,0.171,-0.945,-0.032,-0.488,0.488,0.244,162.726
135316,150921,13374,0.171,-0.947,-0.026,-0.61,0.122,0.305,162.733
135323,150873,38140,0.173,-0.949,-0.027,-0.61,0.122,0.305,162.736
135323,150933,13369,0.171,-0.948,-0.026,-0.366,0.122,0.244,162.742
135319,150873,38140,0.172,-0.948,-0.029,-0.366,0.122,0.244,162.746
135319,150952,13395,0.169,-0.951,-0.03,-0.305,0.366,0.366,162.752
135320,150873,38140,0.169,-0.947,-0.035,-0.305,0.366,0.366,162.756
135320,150919,13357,0.169,-0.947,-0.035,-0.183,0.488,0.549,162.762
135306,150873,38140,0.17,-0.946,-0.034,-0.183,0.488,0.549,162.766
135306,150922,13383,0.172,-0.947,-0.029,0,0.183,0.549,162.772
135310,150873,38140,0.169,-0.948,-0.029,0,0.183,0.549,162.776
135310,150896,13368,0.172,-0.947,-0.031,-0.061,0.061,0.183,162.782
135308,150873,38140,0.167,-0.948,-0.03,-0.061,0.061,0.183,162.786
135308,150930,13379,0.17,-0.947,-0.03,-0.244,0.061,0.244,162.792
135302,150873,38140,0.173,-0.947,-0.035,-0.244,0.061,0.244,162.796
135302,150904,13362,0.17,-0.947,-0.037,0,0.183,0.427,162.802
135291,150873,38140,0.168,-0.945,-0.038,0,0.183,0.427,162.806
135291,150909,13364,0.17,-0.941,-0.035,0.793,0.61,0.366,162.812
135292,150873,38140,0.17,-0.937,-0.033,0.793,0.61,0.366,162.815
135292,150906,13375,0.171,-0.937,-0.029,0.793,0.61,0.427,162.822
135268,150873,38140,0.172,-0.938,-0.034,0.793,0.61,0.427,162.825
135268,150910,13386,0.172,-0.944,-0.036,-0.122,0.488,0.549,162.832
135284,150873,38140,0.168,-0.947,-0.032,-0.122,0.488,0.549,162.835
135284,150899,13354,0.169,-0.952,-0.035,-0.488,0.427,0.61,162.841
135262,150873,38140,0.169,-0.953,-0.035,-0.488,0.427,0.61,162.845
135262,150891,13360,0.169,-0.953,-0.034,-0.549,0.427,0.732,162.851
135305,150873,38140,0.167,-0.95,-0.035,-0.549,0.427,0.732,162.855
135305,150927,13371,0.167,-0.952,-0.037,-0.122,0.671,0.549,162.861
135282,150873,38140,0.168,-0.959,-0.035,-0.122,0.671,0.549,162.865
135282,150906,13359,0.167,-0.954,-0.032,0.183,0.793,0.244,162.871
135286,150873,38140,0.167,-0.949,-0.028,0.183,0.793,0.244,162.875
135286,150895,13372,0.168,-0.948,-0.024,0,0.549,0.122,162.881
135269,150873,38140,0.172,-0.947,-0.023,0,0.549,0.122,162.885
135269,150931,13372,0.174,-0.948,-0.027,-0.183,0.244,-0.061,162.891
135276,150873,38140,0.172,-0.947,-0.032,-0.183,0.244,-0.061,162.895
135276,150896,13368,0.173,-0.95,-0.034,-0.366,0.366,-0.061,162.901
135271,150873,38140,0.172,-0.952,-0.031,-0.366,0.366,-0.061,162.905
135271,150889,13371,0.17,-0.946,-0.029,0.183,0.61,-0.061,162.911
135292,150873,38140,0.172,-0.942,-0.027,0.183,0.61,-0.061,162.914
135292,150897,13375,0.168,-0.936,-0.031,0.122,0.61,0,162.921
135269,150873,38140,0.168,-0.94,-0.033,0.122,0.61,0,162.924
135269,150889,13374,0.17,-0.94,-0.034,-0.122,0.488,0.061,162.93
135278,150873,38140,0.17,-0.946,-0.035,-0.122,0.488,0.061,162.934
135278,150880,13343,0.171,-0.943,-0.036,-0.61,0.732,0.061,162.94
135270,150873,38140,0.17,-0.944,-0.037,-0.61,0.732,0.061,162.944
135270,150922,13374,0.166,-0.949,-0.028,-0.671,0.61,0.305,162.95
135269,150873,38140,0.169,-0.948,-0.027,-0.671,0.61,0.305,162.954
135269,150886,13363,0.17,-0.948,-0.032,-0.488,0.549,0.427,162.96
135276,150873,38140,0.169,-0.952,-0.029,-0.488,0.549,0.427,162.964
135276,150889,13372,0.168,-0.949,-0.026,-0.244,0.61,0.549,162.97
135289,150873,38140,0.168,-0.949,-0.026,-0.244,0.61,0.549,162.974
135289,150926,13370,0.169,-0.951,-0.037,0.305,0.488,0.488,162.98
135307,150873,38140,0.169,-0.951,-0.037,0.305,0.488,0.488,162.984
135307,150905,13370,0.169,-0.949,-0.036,0.549,0.549,0.183,162.99
135303,150873,38140,0.169,-0.949,-0.036,0.549,0.549,0.183,162.994
135303,150938,13390,0.172,-0.947,-0.029,0.366,0.488,0.122,163
135302,150873,38140,0.172,-0.947,-0.029,0.366,0.488,0.122,163.003
135302,150909,13379,0.172,-0.947,-0.03,-0.488,0.244,0.061,163.01
135290,150873,38140,0.172,-0.947,-0.03,-0.488,0.244,0.061,163.013
135290,150922,13381,0.174,-0.946,-0.032,-1.037,0.183,-0.061,163.02
135318,150873,38140,0.174,-0.946,-0.032,-1.037,0.183,-0.061,163.023
135318,150920,13373,0.177,-0.95,-0.028,-0.671,0.183,-0.183,163.029
135302,150873,38140,0.177,-0.95,-0.028,-0.671,0.183,-0.183,163.033
135302,150905,13381,0.172,-0.94,-0.031,-0.122,0.183,0,163.039
135283,150873,38140,0.172,-0.94,-0.031,-0.122,0.183,0,163.043
135283,150914,13393,0.173,-0.935,-0.036,0.183,0.305,0.366,163.049
135303,150873,38140,0.173,-0.935,-0.036,0.183,0.305,0.366,163.053
135303,150898,13375,0.167,-0.938,-0.04,0.244,0.427,0.549,163.059
135287,150873,38140,0.167,-0.938,-0.04,0.244,0.427,0.549,163.063
135287,150918,13373,0.167,-0.943,-0.03,-0.488,0.427,0.549,163.069
135285,150873,38140,0.167,-0.943,-0.03,-0.488,0.427,0.549,163.073
135285,150888,13370,0.165,-0.953,-0.027,-0.793,0.183,0.427,163.079
135294,150873,38140,0.165,-0.953,-0.027,-0.793,0.183,0.427,163.083
135294,150899,13371,0.169,-0.956,-0.032,-0.976,0.183,0.488,163.089
135305,150873,38140,0.169,-0.956,-0.032,-0.976,0.183,0.488,163.093
135305,150925,13374,0.169,-0.961,-0.03,-0.061,0.488,0.427,163.099
135296,150873,38140,0.169,-0.961,-0.03,-0.061,0.488,0.427,163.102
135296,150912,13387,0.169,-0.946,-0.031,0.549,0.671,0.366,163.109
135305,150873,38140,0.169,-0.946,-0.031,0.549,0.671,0.366,163.112
135305,150938,13402,0.172,-0.944,-0.035,0.549,0.671,0.366,163.119
135321,150873,38140,0.169,-0.945,-0.036,0.488,0.488,0.488,163.122
135321,150932,13376,0.17,-0.945,-0.036,0.488,0.488,0.488,163.128
135306,150873,38140,0.169,-0.946,-0.041,0.366,0.732,0.244,163.132
135306,150934,13388,0.168,-0.942,-0.036,0.366,0.732,0.244,163.138
135318,150873,38140,0.168,-0.942,-0.028,-0.183,0.671,0.183,163.142
135318,150934,13385,0.172,-0.945,-0.03,-0.183,0.671,0.183,163.148
135323,150873,38140,0.175,-0.946,-0.033,-0.488,0.244,0.244,163.152
135323,150922,13391,0.174,-0.949,-0.041,-0.488,0.244,0.244,163.158
135302,150873,38140,0.169,-0.953,-0.032,-0.183,0.488,0.366,163.162
135302,150930,13408,0.17,-0.952,-0.024,-0.183,0.488,0.366,163.168
135305,150873,38140,0.175,-0.941,-0.027,0.427,0.61,0.427,163.172
135305,150928,13393,0.172,-0.937,-0.033,0.427,0.61,0.427,163.178
135315,150873,38140,0.172,-0.941,-0.031,0.366,0.488,0.671,163.182
135315,150925,13406,0.175,-0.945,-0.032,0.366,0.488,0.671,163.188
135309,150873,38140,0.175,-0.947,-0.034,0.183,0.366,0.549,163.192
135309,150920,13391,0.176,-0.946,-0.031,0.183,0.366,0.549,163.198
135311,150873,38140,0.171,-0.947,-0.031,-0.488,0.549,0.488,163.201
135311,150923,13418,0.173,-0.948,-0.034,-0.488,0.549,0.488,163.208
135343,150873,38140,0.174,-0.953,-0.031,-0.549,0.488,0.61,163.211
135343,150941,13387,0.172,-0.958,-0.027,-0.549,0.488,0.61,163.218
135343,150873,38140,0.172,-0.955,-0.033,-0.244,0.427,0.488,163.221
135343,150926,13412,0.173,-0.956,-0.028,-0.244,0.427,0.488,163.227
135308,150873,38140,0.17,-0.956,-0.029,0.122,0.549,0.488,163.231
135308,150971,13407,0.17,-0.954,-0.032,0.122,0.549,0.488,163.237
135326,150873,38140,0.168,-0.95,-0.034,0.427,0.732,0.305,163.241
135326,150942,13423,0.167,-0.948,-0.037,0.427,0.732,0.305,163.247
135314,150873,38140,0.167,-0.944,-0.033,0.244,0.793,0.122,163.251
135314,150944,13410,0.169,-0.941,-0.03,0.244,0.793,0.122,163.257
135323,150873,38140,0.168,-0.941,-0.032,-0.122,0.549,0.061,163.261
135323,150917,13414,0.169,-0.941,-0.03,-0.122,0.549,0.061,163.267
135322,150873,38140,0.168,-0.945,-0.027,-0.427,0.366,-0.061,163.271
135322,150948,13405,0.166,-0.944,-0.034,-0.427,0.366,-0.061,163.277
135296,150873,38140,0.17,-0.943,-0.033,-0.244,0.427,0.061,163.281
135296,150920,13392,0.169,-0.944,-0.028,-0.244,0.427,0.061,163.287
135314,150873,38140,0.169,-0.94,-0.028,0.061,0.488,0.427,163.291
135314,150906,13403,0.173,-0.943,-0.029,0.061,0.488,0.427,163.297
135288,150873,38140,0.172,-0.946,-0.031,0.122,0.366,0.61,163.3
135288,150920,13400,0.17,-0.948,-0.031,0.122,0.366,0.61,163.307
135317,150873,38140,0.172,-0.947,-0.027,-0.122,0.305,0.549,163.31
135317,150921,13419,0.172,-0.948,-0.026,-0.122,0.305,0.549,163.317
135311,150873,38140,0.173,-0.953,-0.032,-0.549,0.122,0.427,163.32
135311,150915,13391,0.174,-0.955,-0.033,-0.549,0.122,0.427,163.326
135331,150873,38140,0.172,-0.955,-0.032,-0.305,0.305,0.183,163.33
135331,150906,13392,0.172,-0.954,-0.029,-0.305,0.305,0.183,163.336
135319,150873,38140,0.172,-0.954,-0.033,-0.61,0.427,0,163.34
135319,150935,13392,0.171,-0.952,-0.029,-0.61,0.427,0,163.346
135312,150873,38140,0.17,-0.953,-0.029,-0.732,0.305,-0.244,163.35
135312,150896,13401,0.172,-0.956,-0.032,-0.732,0.305,-0.244,163.356
135310,150873,38140,0.173,-0.949,-0.037,-0.915,0.244,-0.305,163.36
135310,150904,13397,0.17,-0.944,-0.035,-0.915,0.244,-0.305,163.366
135313,150873,38140,0.172,-0.944,-0.033,-0.915,0.244,-0.244,163.37
135313,150900,13406,0.172,-0.944,-0.035,-0.915,0.244,-0.244,163.376
135299,150873,38140,0.169,-0.942,-0.033,-0.793,0.244,-0.305,163.38
135299,150886,13394,0.169,-0.939,-0.036,-0.793,0.244,-0.305,163.386
135291,150873,38140,0.168,-0.94,-0.037,-0.976,0.244,-0.305,163.39
135291,150872,13394,0.168,-0.937,-0.034,-0.976,0.244,-0.305,163.396
135284,150873,38140,0.168,-0.943,-0.031,-0.793,0.183,-0.122,163.399
135284,150896,13402,0.171,-0.944,-0.03,-0.793,0.183,-0.122,163.406
135300,150873,38140,0.174,-0.942,-0.033,-0.366,0.122,0,163.409
135300,150874,13379,0.175,-0.942,-0.036,-0.366,0.122,0,163.415
135273,150873,38140,0.171,-0.94,-0.031,-0.122,0.366,0.366,163.419
135273,150862,13387,0.17,-0.941,-0.027,-0.122,0.366,0.366,163.425
135274,150873,38140,0.174,-0.946,-0.028,0,0.366,0.549,163.429
135274,150872,13380,0.171,-0.945,-0.029,0,0.366,0.549,163.435
135295,150873,38140,0.174,-0.944,-0.03,-0.427,0.244,0.549,163.439
135295,150861,13401,0.175,-0.951,-0.037,-0.427,0.244,0.549,163.445
135271,150873,38140,0.177,-0.951,-0.035,-0.549,0.122,0.549,163.449
135271,150863,13387,0.175,-0.952,-0.036,-0.549,0.122,0.549,163.455
135258,150873,38140,0.173,-0.952,-0.03,0.122,0.305,0.488,163.459
135258,150850,13379,0.174,-0.951,-0.029,0.122,0.305,0.488,163.465
135283,150873,38140,0.17,-0.945,-0.035,0.061,0.549,0.488,163.469
135283,150850,13375,0.17,-0.948,-0.033,0.061,0.549,0.488,163.475
135260,150873,38140,0.173,-0.958,-0.037,-0.122,0.549,0.427,163.479
135260,150868,13389,0.173,-0.953,-0.041,-0.122,0.549,0.427,163.485
135269,150873,38140,0.177,-0.943,-0.052,-0.122,0.671,0.244,163.488
135269,150861,13378,0.175,-0.946,-0.033,-0.122,0.671,0.244,163.495
135260,150873,38140,0.164,-0.945,-0.018,-0.183,0.793,0.183,163.498
135260,150848,13385,0.163,-0.937,-0.029,-0.183,0.793,0.183,163.505
135257,150873,38140,0.168,-0.946,-0.029,-0.793,0.427,0.366,163.508
135257,150841,13399,0.172,-0.958,-0.028,-0.793,0.427,0.366,163.514
135260,150873,38140,0.174,-0.958,-0.033,-0.244,0.366,-0.183,163.518
135260,150879,13388,0.168,-0.953,-0.026,-0.244,0.366,-0.183,163.524
135273,150873,38140,0.165,-0.948,-0.027,-0.183,0.732,0.061,163.528
135273,150838,13373,0.166,-0.943,-0.03,-0.183,0.732,0.061,163.534
135275,150873,38140,0.17,-0.942,-0.031,0.366,0.549,0.366,163.538
135275,150858,13388,0.174,-0.939,-0.035,0.366,0.549,0.366,163.544
135277,150873,38140,0.174,-0.939,-0.035,0.366,0.549,0.366,163.548
135277,150855,13387,0.171,-0.943,-0.03,0.183,0.427,0.122,163.554
135262,150873,38140,0.171,-0.943,-0.03,0.183,0.427,0.122,163.558
135262,150872,13385,0.178,-0.941,-0.033,-0.427,0.183,0.183,163.564
135255,150873,38140,0.178,-0.941,-0.033,-0.427,0.183,0.183,163.568
135255,150846,13376,0.175,-0.945,-0.037,-0.244,0.122,0.366,163.574
135262,150873,38140,0.175,-0.945,-0.037,-0.244,0.122,0.366,163.578
135262,150842,13385,0.172,-0.944,-0.03,0.244,0.61,0.488,163.584
135270,150873,38140,0.172,-0.944,-0.03,0.244,0.61,0.488,163.587
135270,150820,13395,0.175,-0.949,-0.032,0.061,0.671,0.793,163.594
135264,150873,38140,0.175,-0.949,-0.032,0.061,0.671,0.793,163.597
135264,150856,13390,0.174,-0.954,-0.041,-0.183,0.427,0.61,163.604
135267,150873,38140,0.174,-0.954,-0.041,-0.183,0.427,0.61,163.607
135267,150838,13398,0.169,-0.954,-0.029,-0.183,0.549,0.549,163.613
135251,150873,38140,0.169,-0.954,-0.029,-0.183,0.549,0.549,163.617
135251,150866,13383,0.166,-0.946,-0.03,0.183,0.793,0.61,163.623
135258,150873,38140,0.166,-0.946,-0.03,0.183,0.793,0.61,163.627
135258,150835,13366,0.169,-0.952,-0.023,0.122,0.671,0.427,163.633
135243,150873,38140,0.169,-0.952,-0.023,0.122,0.671,0.427,163.637
135243,150871,13380,0.173,-0.946,-0.029,-0.122,0.488,0,163.643
135263,150873,38140,0.173,-0.946,-0.029,-0.122,0.488,0,163.647
135263,150827,13381,0.171,-0.942,-0.034,-0.366,0.305,0.244,163.653
135249,150873,38140,0.171,-0.942,-0.034,-0.366,0.305,0.244,163.657
135249,150847,13407,0.167,-0.943,-0.035,-0.366,0.366,0.427,163.663
135277,150873,38140,0.167,-0.943,-0.035,-0.366,0.366,0.427,163.667
135277,150849,13392,0.17,-0.943,-0.038,-0.488,0.122,0.305,163.673
135261,150873,38140,0.17,-0.943,-0.038,-0.488,0.122,0.305,163.677
135261,150847,13380,0.171,-0.947,-0.03,-0.61,0,0.488,163.683
135291,150873,38140,0.171,-0.947,-0.03,-0.61,0,0.488,163.686
135291,150879,13378,0.173,-0.951,-0.03,-0.122,-0.061,0.427,163.693
135288,150873,38140,0.171,-0.949,-0.029,-0.122,-0.061,0.427,163.696
135288,150848,13403,0.173,-0.948,-0.03,0.061,0.122,0.366,163.703
135301,150873,38140,0.173,-0.946,-0.031,0.061,0.122,0.366,163.706
135301,150895,13388,0.171,-0.952,-0.033,-0.061,0.366,0.366,163.712
135295,150873,38140,0.171,-0.955,-0.028,-0.061,0.366,0.366,163.716
135295,150861,13396,0.172,-0.952,-0.031,0.183,0.427,0.305,163.722
135271,150873,38140,0.172,-0.946,-0.038,0.183,0.427,0.305,163.726
135271,150844,13411,0.172,-0.945,-0.037,-0.244,0.366,0.244,163.732
135268,150873,38140,0.171,-0.948,-0.035,-0.244,0.366,0.244,163.736
135268,150864,13387,0.172,-0.946,-0.029,-0.122,0.183,0.183,163.742
135276,150873,38140,0.173,-0.944,-0.032,-0.122,0.183,0.183,163.746
135276,150840,13388,0.171,-0.944,-0.032,-0.061,0.061,0.122,163.752
135275,150873,38140,0.172,-0.943,-0.033,-0.061,0.061,0.122,163.756
135275,150823,13398,0.171,-0.943,-0.026,0.122,0.244,0.244,163.762
135267,150873,38140,0.173,-0.943,-0.028,0.122,0.244,0.244,163.766
135267,150832,13405,0.173,-0.944,-0.031,0.122,0.305,0.366,163.772
135214,150873,38140,0.172,-0.94,-0.034,0.122,0.305,0.366,163.776
135214,150822,13380,0.17,-0.946,-0.035,-0.061,0.427,0.671,163.782
135225,150873,38140,0.169,-0.947,-0.032,-0.061,0.427,0.671,163.785
135225,150841,13391,0.17,-0.945,-0.031,0.244,0.488,0.793,163.792
135245,150873,38140,0.175,-0.945,-0.035,0.244,0.488,0.793,163.795
135245,150810,13400,0.173,-0.946,-0.034,-0.061,0.305,0.793,163.802
135239,150873,38140,0.171,-0.946,-0.03,-0.061,0.305,0.793,163.805
135239,150840,13407,0.172,-0.949,-0.031,-0.549,0.183,0.61,163.811
135227,150873,38140,0.172,-0.956,-0.036,-0.549,0.183,0.61,163.815
135227,150826,13396,0.175,-0.955,-0.035,-0.671,0.244,0.488,163.821
135241,150873,38140,0.173,-0.954,-0.034,-0.671,0.244,0.488,163.825
135241,150853,13417,0.177,-0.953,-0.037,-0.183,0.305,0.488,163.831
135206,150873,38140,0.174,-0.949,-0.038,-0.183,0.305,0.488,163.835
135206,150831,13409,0.173,-0.95,-0.037,0.244,0.488,0.305,163.841
135241,150873,38140,0.176,-0.951,-0.033,0.244,0.488,0.305,163.845
135241,150847,13409,0.175,-0.945,-0.03,0.549,0.732,0.122,163.851
135248,150873,38140,0.174,-0.941,-0.029,0.549,0.732,0.122,163.855
135248,150810,13402,0.175,-0.946,-0.025,0.122,0.793,0.061,163.861
135239,150873,38140,0.173,-0.947,-0.028,0.122,0.793,0.061,163.865
135239,150846,13404,0.173,-0.945,-0.03,0,0.732,0.183,163.871
135236,150873,38140,0.172,-0.942,-0.032,0,0.732,0.183,163.875
135236,150851,13422,0.17,-0.943,-0.027,-0.183,0.671,0.488,163.881
135245,150873,38140,0.169,-0.94,-0.029,-0.183,0.671,0.488,163.884
135245,150860,13413,0.17,-0.94,-0.031,0.061,0.488,0.61,163.891
135242,150873,38140,0.17,-0.941,-0.031,0.061,0.488,0.61,163.894
135242,150852,13410,0.17,-0.944,-0.029,-0.183,0.488,0.61,163.9
135246,150873,38140,0.166,-0.944,-0.03,-0.183,0.488,0.61,163.904
135246,150819,13400,0.17,-0.942,-0.03,-0.366,0.305,0.732,163.91
135230,150873,38140,0.172,-0.944,-0.03,-0.366,0.305,0.732,163.914
135230,150827,13399,0.172,-0.947,-0.035,-0.427,0.122,0.732,163.92
135219,150873,38140,0.172,-0.949,-0.034,-0.427,0.122,0.732,163.924
135219,150820,13419,0.169,-0.949,-0.032,-0.305,0.305,0.732,163.93
135239,150873,38140,0.17,-0.955,-0.03,-0.305,0.305,0.732,163.934
135239,150818,13412,0.17,-0.953,-0.034,-0.244,0.549,0.427,163.94
135215,150873,38140,0.169,-0.95,-0.036,-0.244,0.549,0.427,163.944
135215,150821,13404,0.17,-0.95,-0.032,0.122,0.488,0.366,163.95
135234,150873,38140,0.173,-0.949,-0.033,0.122,0.488,0.366,163.954
135234,150826,13403,0.172,-0.949,-0.032,0.061,0.549,0.305,163.96
135227,150873,38140,0.173,-0.948,-0.027,0.061,0.549,0.305,163.964
135227,150830,13407,0.173,-0.948,-0.032,-0.061,0.549,0.183,163.97
135241,150873,38140,0.174,-0.945,-0.035,-0.061,0.549,0.183,163.974
135241,150798,13396,0.17,-0.948,-0.031,0,0.61,0,163.98
135223,150873,38140,0.169,-0.947,-0.023,0,0.61,0,163.983
135223,150816,13413,0.171,-0.945,-0.024,-0.122,0.488,0.061,163.99
135213,150873,38140,0.172,-0.944,-0.032,-0.122,0.488,0.061,163.993
135213,150816,13409,0.171,-0.945,-0.032,-0.244,0.427,0.244,163.999
135214,150873,38140,0.17,-0.946,-0.033,-0.244,0.427,0.244,164.003
135214,150804,13407,0.17,-0.946,-0.037,-0.122,0.488,0.305,164.009
135204,150873,38140,0.171,-0.945,-0.036,-0.122,0.488,0.305,164.013
135204,150787,13418,0.17,-0.943,-0.034,0,0.549,0.366,164.019
135198,150873,38140,0.168,-0.942,-0.028,0,0.549,0.366,164.023
135198,150813,13399,0.17,-0.942,-0.029,-0.183,0.305,0.366,164.029
135247,150873,38140,0.169,-0.944,-0.026,-0.183,0.305,0.366,164.033
135247,150797,13390,0.173,-0.947,-0.021,-0.488,0,0.427,164.039
135211,150873,38140,0.171,-0.949,-0.024,-0.488,0,0.427,164.043
135211,150791,13414,0.176,-0.951,-0.028,-0.732,0,0.488,164.049
135199,150873,38140,0.174,-0.951,-0.029,-0.732,0,0.488,164.053
135199,150815,13395,0.172,-0.95,-0.031,-0.305,0.061,0.61,164.059
135210,150873,38140,0.173,-0.946,-0.036,-0.305,0.061,0.61,164.063
135210,150795,13404,0.172,-0.948,-0.033,0.061,0.244,0.61,164.069
135232,150873,38140,0.167,-0.944,-0.032,0.061,0.244,0.61,164.073
135232,150786,13397,0.168,-0.944,-0.03,-0.305,0.061,0.488,164.079
135221,150873,38140,0.169,-0.952,-0.032,-0.305,0.061,0.488,164.082
135221,150824,13411,0.169,-0.95,-0.034,-0.488,-0.183,0.183,164.089
135222,150873,38140,0.17,-0.948,-0.034,-0.488,-0.183,0.183,164.092
135222,150814,13398,0.173,-0.947,-0.037,-0.61,-0.122,0.183,164.098
135249,150873,38140,0.174,-0.947,-0.033,-0.61,-0.122,0.183,164.102
135249,150797,13398,0.17,-0.944,-0.034,-0.244,0.122,0.366,164.108
135217,150873,38140,0.171,-0.947,-0.032,-0.244,0.122,0.366,164.112
135217,150803,13403,0.167,-0.945,-0.03,-0.122,0.366,0.549,164.118
135244,150873,38140,0.169,-0.946,-0.028,-0.122,0.366,0.549,164.122
135244,150788,13402,0.171,-0.951,-0.029,-0.061,0.549,0.305,164.128
135239,150873,38140,0.171,-0.951,-0.029,-0.061,0.549,0.305,164.132
135239,150806,13406,0.172,-0.949,-0.033,0,0.549,0.427,164.138
135210,150617,38140,0.172,-0.949,-0.033,0,0.549,0.427,164.142
135210,150776,13402,0.171,-0.95,-0.031,0.183,0.488,0.366,164.148
135205,150873,38140,0.171,-0.95,-0.031,0.183,0.488,0.366,164.152
135205,150806,13400,0.173,-0.948,-0.032,0,0.549,0.244,164.158
135218,150617,38140,0.173,-0.948,-0.032,0,0.549,0.244,164.162
135218,150773,13395,0.175,-0.951,-0.037,-0.488,0.549,0.183,164.168
135214,150873,38140,0.175,-0.951,-0.037,-0.488,0.549,0.183,164.172
135214,150805,13416,0.172,-0.955,-0.036,-0.305,0.488,0.061,164.178
135218,150873,38140,0.172,-0.955,-0.036,-0.305,0.488,0.061,164.181
135218,150818,13392,0.174,-0.94,-0.038,-0.122,0.488,0.183,164.188
135194,150873,38140,0.174,-0.94,-0.038,-0.122,0.488,0.183,164.191
135194,150788,13408,0.174,-0.94,-0.03,0.244,0.427,0.305,164.197
135235,150873,38140,0.174,-0.94,-0.03,0.244,0.427,0.305,164.201
135235,150804,13380,0.171,-0.941,-0.028,0,0.488,0.244,164.207
135202,150873,38140,0.171,-0.941,-0.028,0,0.488,0.244,164.211
135202,150795,13403,0.172,-0.943,-0.032,-0.61,0.427,0.366,164.217
135232,150873,38140,0.172,-0.943,-0.032,-0.61,0.427,0.366,164.221
135232,150784,13403,0.173,-0.95,-0.029,-0.366,0.366,0.488,164.227
135209,150873,38140,0.173,-0.95,-0.029,-0.366,0.366,0.488,164.231
135209,150786,13412,0.172,-0.952,-0.026,0,0.61,0.427,164.237
135224,150873,38140,0.172,-0.952,-0.026,0,0.61,0.427,164.241
135224,150798,13401,0.175,-0.948,-0.032,-0.183,0.61,0.305,164.247
135224,150873,38140,0.175,-0.948,-0.032,-0.183,0.61,0.305,164.251
135224,150819,13412,0.175,-0.947,-0.035,-0.183,0.549,0.366,164.257
135217,150873,38140,0.175,-0.947,-0.035,-0.183,0.549,0.366,164.261
135217,150787,13404,0.169,-0.949,-0.03,0,0.427,0.427,164.267
135238,150873,38140,0.169,-0.949,-0.03,0,0.427,0.427,164.27
135238,150811,13430,0.169,-0.947,-0.032,0,0.427,0.427,164.277
135218,150873,38140,0.166,-0.946,-0.027,-0.366,0.427,0.366,164.28
135218,150814,13414,0.17,-0.945,-0.031,-0.366,0.427,0.366,164.287
135246,150873,38140,0.17,-0.95,-0.034,-0.305,0.305,0.366,164.29
135246,150789,13403,0.173,-0.95,-0.032,-0.305,0.305,0.366,164.296
135218,150873,38140,0.171,-0.944,-0.038,0.122,0.427,0.366,164.3
135218,150794,13406,0.17,-0.941,-0.035,0.122,0.427,0.366,164.306
135221,150617,38140,0.17,-0.939,-0.038,0.244,0.427,0.732,164.31
135221,150776,13408,0.172,-0.938,-0.04,0.244,0.427,0.732,164.316
135232,150873,38140,0.169,-0.942,-0.038,0,0.427,0.793,164.32
135232,150792,13401,0.169,-0.943,-0.032,0,0.427,0.793,164.326
135229,150873,38140,0.168,-0.946,-0.033,-0.427,0.366,0.671,164.33
135229,150800,13410,0.171,-0.949,-0.035,-0.427,0.366,0.671,164.336
135241,150873,38140,0.173,-0.952,-0.034,-0.549,0.305,0.549,164.34
135241,150789,13414,0.174,-0.955,-0.028,-0.549,0.305,0.549,164.346
135200,150617,38140,0.173,-0.955,-0.023,0.122,0.305,0.488,164.35
135200,150780,13417,0.175,-0.954,-0.021,0.122,0.305,0.488,164.356
135228,150873,38140,0.178,-0.953,-0.025,0,0.305,0.366,164.36
135228,150812,13414,0.175,-0.957,-0.031,0,0.305,0.366,164.366
135230,150873,38140,0.175,-0.955,-0.029,0.244,0.549,0.305,164.369
135230,150815,13420,0.171,-0.949,-0.032,0.244,0.549,0.305,164.376
135248,150873,38140,0.17,-0.947,-0.03,0.427,0.671,0.305,164.379
135248,150827,13424,0.171,-0.941,-0.027,0.427,0.671,0.305,164.386
135236,150873,38140,0.171,-0.94,-0.03,0.549,0.244,0.366,164.389
135236,150816,13431,0.171,-0.939,-0.031,0.549,0.244,0.366,164.395
135234,150873,38140,0.171,-0.936,-0.031,0.366,0.122,0.305,164.399
135234,150816,13421,0.167,-0.94,-0.035,0.366,0.122,0.305,164.405
135234,150873,38140,0.164,-0.943,-0.033,-0.061,0.305,0.244,164.409
135234,150808,13429,0.167,-0.942,-0.033,-0.061,0.305,0.244,164.415
135238,150873,38140,0.165,-0.945,-0.032,-0.366,0.305,0.427,164.419
135238,150837,13416,0.167,-0.943,-0.031,-0.366,0.305,0.427,164.425
135245,150873,38140,0.17,-0.943,-0.031,-0.183,0.244,0.549,164.429
135245,150829,13438,0.171,-0.943,-0.032,-0.183,0.244,0.549,164.435
135238,150873,38140,0.171,-0.949,-0.028,-0.183,0.366,0.671,164.439
135238,150835,13434,0.17,-0.953,-0.024,-0.183,0.366,0.671,164.445
135270,150873,38140,0.172,-0.956,-0.025,-0.488,0.366,0.671,164.449
135270,150816,13421,0.172,-0.958,-0.031,-0.488,0.366,0.671,164.455
135244,150873,38140,0.172,-0.959,-0.037,-0.488,0.427,0.488,164.459
135244,150827,13437,0.172,-0.958,-0.039,-0.488,0.427,0.488,164.465
135272,150873,38140,0.173,-0.957,-0.037,0.244,0.488,0.366,164.468
135272,150823,13423,0.173,-0.951,-0.035,0.244,0.488,0.366,164.475
135229,150873,38140,0.171,-0.95,-0.03,0.244,0.366,0.122,164.478
135229,150816,13433,0.171,-0.948,-0.025,0.244,0.366,0.122,164.485
135256,150873,38140,0.176,-0.95,-0.03,-0.366,0.244,-0.061,164.488
135256,150810,13444,0.178,-0.946,-0.037,-0.366,0.244,-0.061,164.494
135244,150873,38140,0.177,-0.947,-0.035,-0.61,0.122,-0.183,164.498
135244,150869,13437,0.182,-0.947,-0.031,-0.61,0.122,-0.183,164.504
135268,150873,38140,0.177,-0.944,-0.037,-0.061,0.366,0,164.508
135268,150837,13431,0.175,-0.939,-0.038,-0.061,0.366,0,164.514
135272,150873,38140,0.174,-0.938,-0.035,0.305,0.671,0.305,164.518
135272,150823,13437,0.172,-0.939,-0.029,0.305,0.671,0.305,164.524
135271,150873,38140,0.17,-0.936,-0.027,0.427,0.732,0.549,164.528
135271,150864,13430,0.171,-0.939,-0.029,0.427,0.732,0.549,164.534
135268,150873,38140,0.169,-0.94,-0.026,-0.183,0.549,0.61,164.538
135268,150829,13444,0.173,-0.941,-0.025,-0.183,0.549,0.61,164.544
135261,150873,38140,0.171,-0.949,-0.026,-0.61,0.244,0.732,164.548
135261,150833,13439,0.168,-0.955,-0.025,-0.61,0.244,0.732,164.554
135244,150873,38140,0.166,-0.952,-0.024,-0.549,0.305,0.549,164.558
135244,150835,13448,0.167,-0.953,-0.026,-0.549,0.305,0.549,164.564
135262,150873,38140,0.17,-0.952,-0.031,-0.671,0.244,0.549,164.567
135262,150828,13437,0.173,-0.952,-0.031,-0.671,0.244,0.549,164.574
135248,150873,38140,0.171,-0.949,-0.034,-0.122,0.183,0.427,164.577
135248,150835,13447,0.17,-0.945,-0.032,-0.122,0.183,0.427,164.584
135250,150873,38140,0.173,-0.942,-0.038,0.061,0.305,0.305,164.587
135250,150803,13448,0.172,-0.941,-0.037,0.061,0.305,0.305,164.593
135246,150873,38140,0.172,-0.944,-0.039,-0.122,0.427,0.244,164.597
135246,150834,13453,0.172,-0.944,-0.037,-0.122,0.427,0.244,164.603
135252,150873,38140,0.172,-0.944,-0.035,-0.61,0.427,0.122,164.607
135252,150802,13439,0.169,-0.944,-0.026,-0.61,0.427,0.122,164.613
135242,150873,38140,0.172,-0.948,-0.027,-0.732,0.488,0.183,164.617
135242,150801,13440,0.173,-0.949,-0.038,-0.732,0.488,0.183,164.623
135239,150873,38140,0.171,-0.95,-0.034,-0.732,0.854,0.305,164.627
135239,150819,13445,0.17,-0.952,-0.031,-0.732,0.854,0.305,164.633
135232,150873,38140,0.173,-0.953,-0.027,-0.244,0.793,0.305,164.637
135232,150803,13422,0.174,-0.951,-0.024,-0.244,0.793,0.305,164.643
135242,150873,38140,0.173,-0.944,-0.024,0.122,0.61,0.366,164.647
135242,150805,13445,0.176,-0.945,-0.025,0.122,0.61,0.366,164.653
135223,150873,38140,0.175,-0.942,-0.022,0.122,0.366,0.549,164.657
135223,150833,13431,0.175,-0.94,-0.025,0.122,0.366,0.549,164.663
135226,150873,38140,0.177,-0.943,-0.024,-0.122,0.122,0.549,164.666
135226,150814,13450,0.174,-0.941,-0.024,-0.122,0.122,0.549,164.673
135241,150873,38140,0.173,-0.943,-0.032,-0.427,0.061,0.549,164.676
135241,150793,13435,0.17,-0.944,-0.033,-0.427,0.061,0.549,164.683
135247,150873,38140,0.168,-0.944,-0.034,-0.427,0,0.549,164.686
135247,150810,13463,0.168,-0.948,-0.034,-0.427,0,0.549,164.692
135223,150873,38140,0.166,-0.945,-0.033,-0.549,0.061,0.61,164.696
135223,150793,13436,0.166,-0.944,-0.031,-0.549,0.061,0.61,164.702
135216,150873,38140,0.167,-0.949,-0.035,-0.915,0.122,0.488,164.706
135216,150794,13438,0.168,-0.953,-0.034,-0.915,0.122,0.488,164.712
135202,150873,38140,0.168,-0.953,-0.034,-0.915,0.122,0.488,164.716
135202,150784,13443,0.168,-0.955,-0.034,-0.671,0.061,0.366,164.722
135233,150873,38140,0.168,-0.955,-0.034,-0.671,0.061,0.366,164.726
135233,150815,13445,0.17,-0.949,-0.03,-0.488,0.244,0.366,164.732
135233,150617,38140,0.17,-0.949,-0.03,-0.488,0.244,0.366,164.736
135233,150783,13441,0.172,-0.942,-0.034,-0.366,0.305,0.488,164.742
135220,150873,38140,0.172,-0.942,-0.034,-0.366,0.305,0.488,164.746
135220,150817,13444,0.17,-0.945,-0.038,-0.366,0.427,0.183,164.752
135238,150873,38140,0.17,-0.945,-0.038,-0.366,0.427,0.183,164.756
135238,150824,13438,0.171,-0.944,-0.028,-0.732,0.488,0.122,164.762
135211,150873,38140,0.171,-0.944,-0.028,-0.732,0.488,0.122,164.765
135211,150794,13427,0.172,-0.946,-0.025,-1.159,0.244,0.183,164.772
135234,150873,38140,0.172,-0.946,-0.025,-1.159,0.244,0.183,164.775
135234,150790,13441,0.173,-0.954,-0.031,-1.22,-0.061,0.244,164.782
135244,150873,38140,0.173,-0.954,-0.031,-1.22,-0.061,0.244,164.785
135244,150809,13436,0.174,-0.942,-0.029,-0.244,0,0.305,164.791
135211,150873,38140,0.174,-0.942,-0.029,-0.244,0,0.305,164.795
135211,150794,13436,0.174,-0.933,-0.03,0.366,0,0.549,164.801
135221,150873,38140,0.174,-0.933,-0.03,0.366,0,0.549,164.805
135221,150789,13427,0.171,-0.94,-0.032,0.366,-0.061,0.61,164.811
135224,150873,38140,0.171,-0.94,-0.032,0.366,-0.061,0.61,164.815
135224,150789,13440,0.168,-0.943,-0.038,-0.61,0.244,0.549,164.821
135217,150873,38140,0.168,-0.943,-0.038,-0.61,0.244,0.549,164.825
135217,150806,13422,0.171,-0.955,-0.027,-1.463,-0.061,0.671,164.831
135218,150873,38140,0.171,-0.955,-0.027,-1.463,-0.061,0.671,164.835
135218,150799,13435,0.17,-0.96,-0.034,-1.402,-0.061,0.366,164.841
135217,150873,38140,0.17,-0.96,-0.034,-1.402,-0.061,0.366,164.845
135217,150804,13441,0.169,-0.963,-0.033,-1.098,0.366,0.427,164.851
135227,150873,38140,0.169,-0.963,-0.033,-1.098,0.366,0.427,164.855
135227,150786,13437,0.17,-0.959,-0.033,-0.061,0.427,0.183,164.861
135199,150873,38140,0.172,-0.952,-0.03,-0.061,0.427,0.183,164.864
135199,150787,13424,0.174,-0.951,-0.028,0.366,0.427,-0.122,164.871
135215,150617,38140,0.173,-0.945,-0.033,0.366,0.427,-0.122,164.874
135215,150779,13449,0.175,-0.941,-0.033,0.061,0.488,-0.183,164.88
135192,150873,38140,0.174,-0.939,-0.032,0.061,0.488,-0.183,164.884
135192,150799,13434,0.171,-0.94,-0.038,-0.244,0.488,-0.244,164.89
135200,150617,38140,0.171,-0.936,-0.044,-0.244,0.488,-0.244,164.894
135200,150762,13435,0.17,-0.938,-0.048,-0.854,0.488,-0.183,164.9
135154,150617,38140,0.171,-0.945,-0.045,-0.854,0.488,-0.183,164.904
135154,150747,13435,0.171,-0.944,-0.035,-0.305,0.671,0.122,164.91
135130,150617,38140,0.173,-0.94,-0.033,-0.305,0.671,0.122,164.914
135130,150741,13445,0.174,-0.938,-0.031,-0.244,0.732,0.488,164.92
135113,150617,38140,0.174,-0.94,-0.033,-0.244,0.732,0.488,164.924
135113,150715,13431,0.173,-0.944,-0.028,0,0.671,0.793,164.93
135099,150617,38140,0.17,-0.946,-0.028,0,0.671,0.793,164.934
135099,150699,13436,0.171,-0.948,-0.03,0,0.732,0.915,164.94
135102,150617,38140,0.173,-0.947,-0.027,0,0.732,0.915,164.944
135102,150706,13435,0.17,-0.947,-0.031,-0.305,0.61,1.159,164.95
135075,150617,38140,0.168,-0.949,-0.033,-0.305,0.61,1.159,164.953
135075,150718,13427,0.169,-0.955,-0.03,-0.122,0.488,1.037,164.96
135087,150617,38140,0.171,-0.951,-0.031,-0.122,0.488,1.037,164.963
135087,150702,13443,0.167,-0.95,-0.028,-0.122,0.427,0.793,164.97
135085,150617,38140,0.167,-0.954,-0.027,-0.122,0.427,0.793,164.973
135085,150725,13434,0.171,-0.951,-0.03,-0.488,0.244,0.427,164.979
135102,150617,38140,0.17,-0.953,-0.03,-0.488,0.244,0.427,164.983
135102,150719,13431,0.171,-0.955,-0.035,-1.098,0.183,0.061,164.989
135066,150617,38140,0.171,-0.951,-0.035,-1.098,0.183,0.061,164.993
135066,150706,13440,0.168,-0.951,-0.03,-1.037,0.183,-0.183,164.999
135085,150617,38140,0.174,-0.949,-0.029,-1.037,0.183,-0.183,165.003
135085,150728,13438,0.174,-0.951,-0.03,-0.854,0.244,-0.244,165.009
135073,150617,38140,0.175,-0.946,-0.03,-0.854,0.244,-0.244,165.013
135073,150710,13420,0.174,-0.946,-0.034,-0.549,0.427,-0.244,165.019
135096,150617,38140,0.173,-0.948,-0.035,-0.549,0.427,-0.244,165.023
135096,150722,13436,0.17,-0.943,-0.031,-0.366,0.488,-0.244,165.029
135085,150617,38140,0.17,-0.944,-0.032,-0.366,0.488,-0.244,165.033
135085,150700,13434,0.174,-0.945,-0.032,-0.427,0.427,-0.244,165.039
135055,150617,38140,0.169,-0.945,-0.026,-0.427,0.427,-0.244,165.043
135055,150710,13447,0.17,-0.946,-0.03,-0.244,0.183,-0.122,165.049
135065,150617,38140,0.17,-0.942,-0.036,-0.244,0.183,-0.122,165.053
135065,150700,13429,0.17,-0.94,-0.037,-0.305,0.183,0.183,165.059
135059,150617,38140,0.166,-0.943,-0.034,-0.305,0.183,0.183,165.062
135059,150693,13437,0.169,-0.947,-0.029,0.061,0,0.244,165.069
135047,150617,38140,0.167,-0.943,-0.024,0.061,0,0.244,165.072
135047,150718,13440,0.168,-0.941,-0.029,-0.183,-0.244,0.366,165.078
135072,150617,38140,0.17,-0.942,-0.035,-0.183,-0.244,0.366,165.082
135072,150707,13429,0.166,-0.949,-0.034,-0.671,-0.122,0.488,165.088
135064,150617,38140,0.169,-0.954,-0.033,-0.671,-0.122,0.488,165.092
135064,150703,13449,0.168,-0.952,-0.037,-0.366,0.061,0.427,165.098
135069,150617,38140,0.168,-0.945,-0.037,-0.366,0.061,0.427,165.102
135069,150710,13430,0.17,-0.951,-0.036,-0.366,0.122,0.549,165.108
135080,150617,38140,0.173,-0.95,-0.037,-0.366,0.122,0.549,165.112
135080,150717,13438,0.176,-0.948,-0.041,0.305,0.183,0.366,165.118
135084,150617,38140,0.173,-0.949,-0.037,0.305,0.183,0.366,165.122
135084,150726,13446,0.169,-0.944,-0.035,0.244,0.366,0.427,165.128
135097,150617,38140,0.169,-0.942,-0.03,0.244,0.366,0.427,165.132
135097,150721,13451,0.171,-0.946,-0.026,-0.427,0.183,0.549,165.138
135096,150617,38140,0.174,-0.945,-0.031,-0.427,0.183,0.549,165.142
135096,150721,13461,0.178,-0.944,-0.034,-0.976,-0.122,0.183,165.148
135082,150617,38140,0.177,-0.948,-0.039,-0.976,-0.122,0.183,165.152
135082,150749,13449,0.177,-0.951,-0.04,-0.915,0.183,0.122,165.158
135113,150617,38140,0.177,-0.95,-0.038,-0.915,0.183,0.122,165.161
135113,150738,13464,0.173,-0.948,-0.033,-0.305,0.427,0.244,165.168
135138,150617,38140,0.175,-0.945,-0.034,-0.305,0.427,0.244,165.171
135138,150731,13452,0.177,-0.943,-0.033,-0.183,0.61,0.305,165.177
135083,150617,38140,0.173,-0.941,-0.034,-0.183,0.61,0.305,165.181
135083,150738,13467,0.174,-0.946,-0.028,0,0.61,0.366,165.187
135099,150617,38140,0.17,-0.948,-0.026,0,0.61,0.366,165.191
135099,150741,13453,0.168,-0.947,-0.029,-0.366,0.549,0.488,165.197
135084,150617,38140,0.169,-0.945,-0.034,-0.366,0.549,0.488,165.201
135084,150738,13451,0.167,-0.943,-0.035,-0.61,0.427,0.488,165.207
135095,150617,38140,0.17,-0.946,-0.031,-0.61,0.427,0.488,165.211
135095,150730,13459,0.169,-0.945,-0.033,-0.671,0.305,0.427,165.217
135081,150617,38140,0.172,-0.944,-0.04,-0.671,0.305,0.427,165.221
135081,150743,13456,0.17,-0.948,-0.037,-0.793,0.366,0.488,165.227
135083,150617,38140,0.169,-0.95,-0.034,-0.793,0.366,0.488,165.231
135083,150734,13448,0.168,-0.951,-0.032,-0.427,0.488,0.305,165.237
135094,150617,38140,0.17,-0.951,-0.027,-0.427,0.488,0.305,165.241
135094,150707,13460,0.171,-0.951,-0.026,-0.61,0.305,0.244,165.247
135095,150617,38140,0.172,-0.952,-0.031,-0.61,0.305,0.244,165.25
135095,150746,13474,0.173,-0.954,-0.034,-0.427,0.427,0.183,165.257
135109,150617,38140,0.168,-0.954,-0.033,-0.427,0.427,0.183,165.26
135109,150742,13476,0.17,-0.951,-0.03,-0.244,0.488,0.061,165.267
135109,150617,38140,0.173,-0.951,-0.03,-0.244,0.488,0.061,165.27
135109,150713,13457,0.173,-0.943,-0.035,-0.122,0.427,-0.122,165.276
135116,150617,38140,0.174,-0.941,-0.031,-0.122,0.427,-0.122,165.28
135116,150764,13468,0.172,-0.944,-0.032,-0.366,0.488,-0.122,165.286
135110,150617,38140,0.172,-0.944,-0.032,-0.366,0.488,-0.122,165.29
135110,150749,13468,0.171,-0.94,-0.038,-0.183,0.427,0.061,165.296
135129,150617,38140,0.171,-0.94,-0.038,-0.183,0.427,0.061,165.3
135129,150776,13468,0.172,-0.939,-0.033,-0.244,0.122,0.305,165.306
135142,150617,38140,0.172,-0.939,-0.033,-0.244,0.122,0.305,165.31
135142,150767,13476,0.17,-0.945,-0.031,-0.366,0.122,0.488,165.316
135120,150617,38140,0.17,-0.945,-0.031,-0.366,0.122,0.488,165.32
135120,150782,13470,0.169,-0.946,-0.039,-1.037,0.183,0.549,165.326
135141,150617,38140,0.169,-0.946,-0.039,-1.037,0.183,0.549,165.33
135141,150761,13461,0.17,-0.956,-0.034,-0.976,0,0.488,165.336
135140,150617,38140,0.17,-0.956,-0.034,-0.976,0,0.488,165.34
135140,150741,13467,0.174,-0.955,-0.033,-0.732,0,0.061,165.346
135146,150617,38140,0.174,-0.955,-0.033,-0.732,0,0.061,165.349
135146,150764,13473,0.174,-0.948,-0.035,-0.549,0.061,0.061,165.356
135117,150617,38140,0.174,-0.948,-0.035,-0.549,0.061,0.061,165.359
135117,150741,13482,0.174,-0.949,-0.037,-0.122,0.244,-0.061,165.366
135135,150617,38140,0.174,-0.949,-0.037,-0.122,0.244,-0.061,165.369
135135,150775,13453,0.173,-0.945,-0.034,-0.366,0.244,-0.061,165.375
135123,150617,38140,0.173,-0.945,-0.034,-0.366,0.244,-0.061,165.379
135123,150741,13478,0.172,-0.943,-0.035,-0.793,-0.061,-0.061,165.385
135122,150617,38140,0.172,-0.943,-0.035,-0.793,-0.061,-0.061,165.389
135122,150765,13471,0.171,-0.95,-0.039,-0.976,0,-0.122,165.395
135131,150617,38140,0.171,-0.95,-0.039,-0.976,0,-0.122,165.399
135131,150753,13489,0.174,-0.947,-0.032,-0.549,0.061,-0.061,165.405
135111,150617,38140,0.174,-0.947,-0.032,-0.549,0.061,-0.061,165.409
135111,150746,13466,0.173,-0.942,-0.037,-0.122,0.305,0.122,165.415
135132,150617,38140,0.173,-0.942,-0.037,-0.122,0.305,0.122,165.419
135132,150742,13457,0.173,-0.938,-0.041,-0.122,0.488,0.488,165.425
135134,150617,38140,0.173,-0.938,-0.041,-0.122,0.488,0.488,165.429
135134,150761,13474,0.172,-0.942,-0.04,-0.122,0.488,0.488,165.435
135116,150617,38140,0.17,-0.95,-0.04,-0.122,0.366,0.427,165.439
135116,150766,13486,0.172,-0.946,-0.039,-0.122,0.366,0.427,165.445
135134,150617,38140,0.172,-0.937,-0.039,-0.61,0.549,0.549,165.448
135134,150754,13473,0.172,-0.942,-0.037,-0.61,0.549,0.549,165.455
135118,150617,38140,0.17,-0.953,-0.036,-0.671,0.671,0.671,165.458
135118,150765,13469,0.17,-0.96,-0.028,-0.671,0.671,0.671,165.465
135143,150617,38140,0.175,-0.958,-0.032,-0.244,0.549,0.366,165.468
135143,150755,13463,0.171,-0.954,-0.035,-0.244,0.549,0.366,165.474
135120,150617,38140,0.172,-0.951,-0.029,0.183,0.61,0.488,165.478
135120,150744,13479,0.174,-0.952,-0.031,0.183,0.61,0.488,165.484
135140,150617,38140,0.172,-0.95,-0.034,0.732,0.732,0.305,165.488
135140,150764,13478,0.169,-0.946,-0.04,0.732,0.732,0.305,165.494
135153,150617,38140,0.171,-0.942,-0.035,0.366,0.854,0.183,165.498
135153,150756,13488,0.169,-0.941,-0.031,0.366,0.854,0.183,165.504
135131,150617,38140,0.17,-0.941,-0.03,0,0.427,0.061,165.508
135131,150740,13481,0.172,-0.945,-0.035,0,0.427,0.061,165.514
135118,150617,38140,0.171,-0.947,-0.038,-0.244,0.488,-0.244,165.518
135118,150771,13475,0.168,-0.948,-0.034,-0.244,0.488,-0.244,165.524
135125,150617,38140,0.17,-0.95,-0.036,-0.793,0.854,0,165.528
135125,150760,13477,0.171,-0.949,-0.033,-0.793,0.854,0,165.534
135088,150617,38140,0.172,-0.944,-0.028,-0.061,0.671,0.244,165.538
135088,150757,13478,0.173,-0.938,-0.029,-0.061,0.671,0.244,165.544
135102,150617,38140,0.171,-0.935,-0.038,0.183,0.732,0.549,165.547
135102,150765,13472,0.171,-0.939,-0.041,0.183,0.732,0.549,165.554
135122,150617,38140,0.17,-0.943,-0.033,0.122,0.671,0.671,165.557
135122,150766,13484,0.17,-0.945,-0.03,0.122,0.671,0.671,165.563
135107,150617,38140,0.172,-0.951,-0.027,-0.305,0.366,0.549,165.567
135107,150750,13476,0.171,-0.95,-0.025,-0.305,0.366,0.549,165.573
135122,150617,38140,0.172,-0.953,-0.03,-0.549,0.183,0.732,165.577
135122,150780,13492,0.173,-0.959,-0.033,-0.549,0.183,0.732,165.583
135134,150617,38140,0.174,-0.956,-0.031,0,0.244,0.488,165.587
135134,150779,13470,0.17,-0.952,-0.036,0,0.244,0.488,165.593
135122,150617,38140,0.17,-0.948,-0.037,0.244,0.366,0.427,165.597
135122,150745,13476,0.171,-0.945,-0.038,0.244,0.366,0.427,165.603
135152,150873,38140,0.17,-0.941,-0.036,0.183,0.122,0.488,165.607
135152,150795,13486,0.173,-0.943,-0.036,0.183,0.122,0.488,165.613
135113,150873,38140,0.174,-0.942,-0.036,-0.488,-0.183,0.244,165.617
135113,150788,13493,0.171,-0.947,-0.03,-0.488,-0.183,0.244,165.623
135131,150617,38140,0.173,-0.949,-0.034,-0.976,-0.183,0,165.627
135131,150775,13489,0.174,-0.951,-0.037,-0.976,-0.183,0,165.633
135143,150617,38140,0.174,-0.953,-0.037,-0.671,0,0,165.637
135143,150772,13492,0.174,-0.953,-0.033,-0.671,0,0,165.643
135140,150873,38140,0.175,-0.948,-0.036,0.061,0.366,0.061,165.646
135140,150795,13497,0.177,-0.946,-0.037,0.061,0.366,0.061,165.653
135124,150617,38140,0.174,-0.943,-0.034,0.305,0.488,0.305,165.656
135124,150783,13489,0.172,-0.941,-0.031,0.305,0.488,0.305,165.662
135127,150873,38140,0.17,-0.946,-0.027,-0.061,0.305,0.244,165.666
135127,150785,13500,0.172,-0.945,-0.027,-0.061,0.305,0.244,165.672
135141,150873,38140,0.173,-0.947,-0.034,-0.427,0.061,0.305,165.676
135141,150791,13502,0.171,-0.951,-0.034,-0.427,0.061,0.305,165.682
135126,150873,38140,0.173,-0.954,-0.032,0.122,0,0.244,165.686
135126,150787,13492,0.174,-0.948,-0.033,0.122,0,0.244,165.692
135148,150873,38140,0.173,-0.94,-0.038,0.427,0.183,0.305,165.696
135148,150809,13504,0.172,-0.939,-0.041,0.427,0.183,0.305,165.702
135140,150873,38140,0.172,-0.939,-0.039,0.793,0.183,0.549,165.706
135140,150800,13504,0.174,-0.938,-0.033,0.793,0.183,0.549,165.712
135159,150873,38140,0.17,-0.94,-0.031,0.732,0.244,0.366,165.716
135159,150815,13511,0.17,-0.942,-0.038,0.732,0.244,0.366,165.722
135169,150873,38140,0.169,-0.948,-0.037,-0.427,0.183,0.427,165.726
135169,150808,13508,0.173,-0.949,-0.039,-0.427,0.183,0.427,165.732
135132,150873,38140,0.174,-0.956,-0.04,-0.488,0.061,0.427,165.736
135132,150808,13501,0.174,-0.954,-0.04,-0.488,0.061,0.427,165.742
135122,150873,38140,0.174,-0.947,-0.041,0.061,0.427,0.427,165.745
135122,150793,13508,0.171,-0.951,-0.044,0.061,0.427,0.427,165.752
135137,150873,38140,0.171,-0.95,-0.032,0.488,0.549,0.61,165.755
135137,150803,13500,0.173,-0.943,-0.025,0.488,0.549,0.61,165.761
135128,150873,38140,0.176,-0.944,-0.03,0.061,0.366,0.488,165.765
135128,150830,13512,0.175,-0.947,-0.032,0.061,0.366,0.488,165.771
135154,150873,38140,0.174,-0.944,-0.036,-0.854,0.244,0.305,165.775
135154,150798,13503,0.174,-0.948,-0.037,-0.854,0.244,0.305,165.781
135133,150873,38140,0.173,-0.953,-0.033,-0.915,0.305,0.122,165.785
135133,150803,13513,0.174,-0.951,-0.032,-0.915,0.305,0.122,165.791
135144,150873,38140,0.177,-0.95,-0.028,-0.488,0.305,0.061,165.795
135144,150793,13500,0.177,-0.947,-0.035,-0.488,0.305,0.061,165.801
135113,150873,38140,0.176,-0.945,-0.036,0.061,0.366,0.366,165.805
135113,150801,13522,0.175,-0.948,-0.031,0.061,0.366,0.366,165.811
135151,150873,38140,0.172,-0.943,-0.029,0.915,0.671,0.488,165.815
135151,150801,13505,0.166,-0.942,-0.029,0.915,0.671,0.488,165.821
135143,150873,38140,0.166,-0.942,-0.033,0.549,0.671,0.61,165.825
135143,150827,13507,0.168,-0.939,-0.031,0.549,0.671,0.61,165.831
135129,150873,38140,0.169,-0.939,-0.038,-0.366,0.366,0.549,165.835
135129,150805,13537,0.17,-0.945,-0.041,-0.366,0.366,0.549,165.841
135126,150873,38140,0.17,-0.95,-0.037,-0.793,0.305,0.427,165.844
135126,150798,13518,0.167,-0.954,-0.035,-0.793,0.305,0.427,165.851
135121,150873,38140,0.171,-0.948,-0.033,-0.488,0.488,0.427,165.854
135121,150798,13542,0.17,-0.949,-0.033,-0.488,0.488,0.427,165.86
135131,150873,38140,0.174,-0.946,-0.032,-0.305,0.244,0.549,165.864
135131,150817,13502,0.171,-0.947,-0.034,-0.305,0.244,0.549,165.87
135137,150873,38140,0.171,-0.947,-0.034,-0.305,0.244,0.549,165.874
135137,150803,13531,0.172,-0.945,-0.036,0.122,0.244,0.427,165.88
135116,150873,38140,0.172,-0.945,-0.036,0.122,0.244,0.427,165.884
135116,150786,13530,0.172,-0.938,-0.032,0.305,0.488,0.549,165.89
135138,150873,38140,0.172,-0.938,-0.032,0.305,0.488,0.549,165.894
135138,150808,13525,0.172,-0.948,-0.029,-0.244,0.244,0.427,165.9
135137,150617,38140,0.172,-0.948,-0.029,-0.244,0.244,0.427,165.904
135137,150783,13533,0.171,-0.955,-0.035,-0.61,0.122,0.183,165.91
135133,150873,38140,0.171,-0.955,-0.035,-0.61,0.122,0.183,165.914
135133,150819,13554,0.172,-0.95,-0.035,-0.305,0.366,0.244,165.92
135163,150873,38140,0.172,-0.95,-0.035,-0.305,0.366,0.244,165.924
135163,150812,13536,0.172,-0.944,-0.031,0.183,0.305,0.427,165.93
135144,150873,38140,0.172,-0.944,-0.031,0.183,0.305,0.427,165.933
135144,150802,13527,0.169,-0.943,-0.031,0.427,0.244,0.244,165.94
135170,150873,38140,0.169,-0.943,-0.031,0.427,0.244,0.244,165.943
135170,150832,13520,0.174,-0.938,-0.035,-0.061,0.122,0.244,165.95
135142,150873,38140,0.174,-0.938,-0.035,-0.061,0.122,0.244,165.953
135142,150827,13539,0.169,-0.941,-0.033,-0.244,0.061,0.427,165.959
135147,150873,38140,0.169,-0.941,-0.033,-0.244,0.061,0.427,165.963
135147,150832,13534,0.171,-0.943,-0.036,-0.183,0.183,0.488,165.969
135145,150873,38140,0.171,-0.943,-0.036,-0.183,0.183,0.488,165.973
135145,150826,13535,0.17,-0.945,-0.034,-0.366,0.183,0.488,165.979
135178,150873,38140,0.17,-0.945,-0.034,-0.366,0.183,0.488,165.983
135178,150842,13546,0.172,-0.948,-0.036,-0.854,0.061,0.488,165.989
135153,150873,38140,0.172,-0.948,-0.036,-0.854,0.061,0.488,165.993
135153,150842,13535,0.173,-0.953,-0.04,-0.915,0.183,0.488,165.999
135162,150873,38140,0.173,-0.953,-0.04,-0.915,0.183,0.488,166.003
135162,150830,13542,0.173,-0.953,-0.039,-0.549,0.366,0.488,166.009
135186,150873,38140,0.173,-0.952,-0.036,-0.549,0.366,0.488,166.013
135186,150836,13545,0.175,-0.952,-0.037,-0.183,0.549,0.488,166.019
135207,150873,38140,0.176,-0.954,-0.037,-0.183,0.549,0.488,166.023
135207,150880,13529,0.173,-0.953,-0.035,0.244,0.427,0.366,166.029
135167,150873,38140,0.174,-0.954,-0.031,0.244,0.427,0.366,166.032
135167,150854,13537,0.176,-0.953,-0.029,0.488,0.488,0.122,166.039
135199,150873,38140,0.176,-0.948,-0.029,0.488,0.488,0.122,166.042
135199,150831,13530,0.175,-0.943,-0.033,0.366,0.366,0.122,166.049
135173,150873,38140,0.177,-0.945,-0.032,0.366,0.366,0.122,166.052
135173,150832,13552,0.178,-0.946,-0.032,0.549,0.427,0.244,166.058
135168,150873,38140,0.175,-0.941,-0.033,0.549,0.427,0.244,166.062
135168,150853,13540,0.174,-0.939,-0.032,0.793,0.732,0.488,166.068
135195,150873,38140,0.172,-0.936,-0.031,0.793,0.732,0.488,166.072
135195,150849,13534,0.172,-0.943,-0.032,0.366,0.732,0.793,166.078
135192,150873,38140,0.171,-0.948,-0.03,0.366,0.732,0.793,166.082
135192,150875,13556,0.171,-0.95,-0.031,-0.244,0.488,0.732,166.088
135201,150873,38140,0.171,-0.95,-0.035,-0.244,0.488,0.732,166.092
135201,150859,13545,0.17,-0.952,-0.035,-0.671,0.427,0.671,166.098
135208,150873,38140,0.172,-0.95,-0.039,-0.671,0.427,0.671,166.102
135208,150881,13559,0.172,-0.947,-0.039,-0.183,0.427,0.61,166.108
135202,150873,38140,0.173,-0.946,-0.035,-0.183,0.427,0.61,166.112
135202,150858,13536,0.171,-0.942,-0.037,0.488,0.61,0.366,166.118
135203,150873,38140,0.171,-0.94,-0.033,0.488,0.61,0.366,166.122
135203,150857,13557,0.17,-0.943,-0.028,0.244,0.61,0.122,166.128
135203,150873,38140,0.17,-0.945,-0.028,0.244,0.61,0.122,166.131
135203,150846,13546,0.172,-0.951,-0.029,-0.61,0.549,-0.122,166.138
135209,150873,38140,0.174,-0.953,-0.032,-0.61,0.549,-0.122,166.141
135209,150854,13550,0.173,-0.954,-0.033,-0.915,0.671,-0.122,166.148
135207,150873,38140,0.174,-0.954,-0.034,-0.915,0.671,-0.122,166.151
135207,150858,13556,0.176,-0.948,-0.028,-0.122,0.854,0.061,166.157
135175,150873,38140,0.172,-0.947,-0.031,-0.122,0.854,0.061,166.161
135175,150873,13560,0.173,-0.942,-0.035,0.427,0.976,0.366,166.167
135189,150873,38140,0.174,-0.937,-0.035,0.427,0.976,0.366,166.171
135189,150855,13558,0.174,-0.939,-0.034,0.427,0.732,0.732,166.177
135201,150873,38140,0.172,-0.938,-0.035,0.427,0.732,0.732,166.181
135201,150884,13563,0.169,-0.94,-0.035,0.061,0.732,0.671,166.187
135213,150873,38140,0.168,-0.941,-0.034,0.061,0.732,0.671,166.191
135213,150862,13545,0.166,-0.944,-0.032,-0.549,0.549,0.793,166.197
135209,150873,38140,0.169,-0.946,-0.038,-0.549,0.549,0.793,166.201
135209,150860,13565,0.17,-0.954,-0.032,-0.61,0.244,0.854,166.207
135218,150873,38140,0.17,-0.955,-0.03,-0.61,0.244,0.854,166.211
135218,150854,13549,0.171,-0.955,-0.033,-0.244,0.183,0.793,166.217
135188,150873,38140,0.171,-0.951,-0.034,-0.244,0.183,0.793,166.221
135188,150869,13559,0.169,-0.953,-0.032,0.183,0.366,0.732,166.227
135215,150873,38140,0.171,-0.952,-0.034,0.183,0.366,0.732,166.23
135215,150881,13550,0.169,-0.953,-0.036,0.244,0.427,0.488,166.237
135187,150873,38140,0.171,-0.946,-0.032,0.244,0.427,0.488,166.24
135187,150855,13568,0.173,-0.944,-0.035,-0.244,0.244,0.183,166.247
135228,150873,38140,0.173,-0.947,-0.037,-0.244,0.244,0.183,166.25
135228,150906,13557,0.176,-0.948,-0.038,-0.61,0.183,-0.061,166.256
135216,150873,38140,0.172,-0.947,-0.034,-0.61,0.183,-0.061,166.26
135216,150904,13564,0.171,-0.949,-0.032,-0.61,0.244,-0.183,166.266
135239,150873,38140,0.172,-0.952,-0.032,-0.61,0.244,-0.183,166.27
135239,150908,13571,0.175,-0.949,-0.031,-0.305,0.122,-0.061,166.276
135245,150873,38140,0.175,-0.948,-0.03,-0.305,0.122,-0.061,166.28
135245,150916,13582,0.171,-0.948,-0.027,0.244,0.244,0.122,166.286
135257,150873,38140,0.168,-0.943,-0.027,0.244,0.244,0.122,166.29
135257,150917,13576,0.169,-0.94,-0.03,0.549,0.427,0.183,166.296
135247,150873,38140,0.171,-0.938,-0.033,0.549,0.427,0.183,166.3
135247,150900,13585,0.17,-0.939,-0.033,0.244,0.305,0.305,166.306
135249,150873,38140,0.171,-0.938,-0.037,0.244,0.305,0.305,166.31
135249,150924,13576,0.174,-0.941,-0.038,-0.061,0.122,0.305,166.316
135228,150873,38140,0.173,-0.943,-0.039,-0.061,0.122,0.305,166.32
135228,150901,13573,0.173,-0.945,-0.037,-0.427,0,0.427,166.326
135237,150873,38140,0.173,-0.946,-0.036,-0.427,0,0.427,166.329
135237,150904,13589,0.17,-0.947,-0.036,-0.305,0.183,0.549,166.336
135249,150873,38140,0.172,-0.949,-0.036,-0.305,0.183,0.549,166.339
135249,150901,13580,0.173,-0.949,-0.035,-0.122,0.366,0.732,166.345
135223,150873,38140,0.172,-0.948,-0.037,-0.122,0.366,0.732,166.349
135223,150897,13584,0.172,-0.948,-0.035,0.366,0.488,0.915,166.355
135230,150873,38140,0.173,-0.949,-0.035,0.366,0.488,0.915,166.359
135230,150906,13577,0.171,-0.947,-0.041,0.244,0.488,0.854,166.365
135230,150873,38140,0.172,-0.949,-0.038,0.244,0.488,0.854,166.369
135230,150897,13557,0.172,-0.955,-0.036,-0.183,0.305,0.671,166.375
135196,150873,38140,0.171,-0.954,-0.034,-0.183,0.305,0.671,166.379
135196,150888,13568,0.171,-0.956,-0.032,-0.244,0.366,0.305,166.385
135217,150873,38140,0.17,-0.955,-0.026,-0.244,0.366,0.305,166.389
135217,150895,13583,0.172,-0.952,-0.026,-0.488,0.488,0,166.395
135205,150873,38140,0.177,-0.954,-0.029,-0.488,0.488,0,166.399
135205,150912,13595,0.178,-0.954,-0.034,-0.427,0.61,-0.183,166.405
135219,150873,38140,0.177,-0.948,-0.034,-0.427,0.61,-0.183,166.409
135219,150912,13585,0.179,-0.943,-0.034,0,0.671,-0.305,166.415
135209,150873,38140,0.177,-0.939,-0.038,0,0.671,-0.305,166.418
135209,150903,13603,0.174,-0.936,-0.038,0.427,0.915,-0.061,166.425
135224,150873,38140,0.173,-0.938,-0.031,0.427,0.915,-0.061,166.428
135224,150921,13592,0.17,-0.937,-0.03,0.122,0.976,0.061,166.435
135207,150873,38140,0.171,-0.939,-0.038,0.122,0.976,0.061,166.438
135207,150902,13589,0.174,-0.944,-0.032,-0.427,0.854,0.244,166.444
135210,150873,38140,0.174,-0.944,-0.032,-0.427,0.854,0.244,166.448
135210,150922,13570,0.169,-0.945,-0.036,-0.366,0.61,0.366,166.454
135234,150873,38140,0.169,-0.945,-0.036,-0.366,0.61,0.366,166.458
135234,150930,13594,0.17,-0.947,-0.028,0,0.549,0.61,166.464
135204,150873,38140,0.17,-0.947,-0.028,0,0.549,0.61,166.468
135204,150925,13589,0.171,-0.941,-0.031,0.122,0.549,0.61,166.474
135223,150873,38140,0.171,-0.941,-0.031,0.122,0.549,0.61,166.478
135223,150901,13582,0.17,-0.942,-0.031,-0.061,0.427,0.793,166.484
135186,150873,38140,0.17,-0.942,-0.031,-0.061,0.427,0.793,166.488
135186,150889,13581,0.172,-0.952,-0.03,-0.183,0.305,0.732,166.494
135212,150873,38140,0.172,-0.952,-0.03,-0.183,0.305,0.732,166.498
135212,150896,13589,0.172,-0.955,-0.036,-0.488,0.488,0.549,166.504
135195,150873,38140,0.172,-0.955,-0.036,-0.488,0.488,0.549,166.508
135195,150883,13586,0.172,-0.962,-0.03,-0.305,0.549,0.305,166.514
135208,150873,38140,0.172,-0.962,-0.03,-0.305,0.549,0.305,166.518
135208,150899,13582,0.177,-0.957,-0.032,0.122,0.549,0,166.524
135217,150873,38140,0.177,-0.957,-0.032,0.122,0.549,0,166.527
135217,150889,13597,0.175,-0.955,-0.033,0.183,0.671,-0.122,166.534
135198,150873,38140,0.175,-0.955,-0.033,0.183,0.671,-0.122,166.537
135198,150899,13598,0.171,-0.945,-0.03,-0.244,0.549,-0.305,166.543
135217,150873,38140,0.171,-0.945,-0.03,-0.244,0.549,-0.305,166.547
135217,150874,13603,0.173,-0.945,-0.031,-0.427,0.183,-0.366,166.553
135235,150873,38140,0.173,-0.945,-0.031,-0.427,0.183,-0.366,166.557
135235,150919,13599,0.172,-0.944,-0.028,-0.244,0.244,-0.305,166.563
135233,150873,38140,0.172,-0.944,-0.028,-0.244,0.244,-0.305,166.567
135233,150913,13602,0.172,-0.933,-0.037,-0.061,0.366,0.122,166.573
135244,150873,38140,0.172,-0.933,-0.037,-0.061,0.366,0.122,166.577
135244,150923,13604,0.167,-0.942,-0.028,0.427,0.305,0.427,166.583
135233,150873,38140,0.167,-0.942,-0.028,0.427,0.305,0.427,166.587
135233,150909,13599,0.169,-0.938,-0.025,0.427,0.305,0.427,166.593
135244,150873,38140,0.17,-0.929,-0.031,-0.305,0.122,0.366,166.597
135244,150936,13601,0.173,-0.939,-0.038,-0.305,0.122,0.366,166.603
135247,150873,38140,0.174,-0.951,-0.032,-1.037,-0.122,0.61,166.607
135247,150931,13604,0.174,-0.955,-0.034,-1.037,-0.122,0.61,166.613
135256,150873,38140,0.172,-0.955,-0.031,-0.976,-0.122,0.305,166.617
135256,150910,13598,0.174,-0.953,-0.033,-0.976,-0.122,0.305,166.623
135249,150873,38140,0.174,-0.953,-0.03,-0.305,0.122,0.549,166.626
135249,150919,13599,0.173,-0.952,-0.033,-0.305,0.122,0.549,166.633
135247,150873,38140,0.171,-0.948,-0.033,0.549,0.183,0.549,166.636
135247,150924,13604,0.171,-0.946,-0.034,0.549,0.183,0.549,166.642
135243,150873,38140,0.17,-0.944,-0.033,0.366,0.244,0.366,166.646
135243,150920,13609,0.172,-0.942,-0.028,0.366,0.244,0.366,166.652
135216,150873,38140,0.175,-0.939,-0.035,0.183,0.244,0.244,166.656
135216,150918,13597,0.175,-0.94,-0.037,0.183,0.244,0.244,166.662
135225,150873,38140,0.173,-0.942,-0.039,-0.305,0.244,0.183,166.666
135225,150925,13612,0.173,-0.947,-0.038,-0.305,0.244,0.183,166.672
135242,150873,38140,0.175,-0.949,-0.037,-0.366,0.244,0.244,166.676
135242,150918,13610,0.175,-0.947,-0.042,-0.366,0.244,0.244,166.682
135272,150873,38140,0.173,-0.945,-0.039,-0.305,0.488,0.427,166.686
135272,150897,13588,0.174,-0.949,-0.036,-0.305,0.488,0.427,166.692
135253,150873,38140,0.175,-0.948,-0.033,-0.061,0.488,0.366,166.696
135253,150948,13615,0.177,-0.951,-0.032,-0.061,0.488,0.366,166.702
135237,150873,38140,0.172,-0.95,-0.031,-0.061,0.61,0.305,166.706
135237,150916,13597,0.172,-0.947,-0.037,-0.061,0.61,0.305,166.712
135237,150873,38140,0.172,-0.948,-0.032,0,0.549,0.488,166.715
135237,150895,13605,0.171,-0.949,-0.031,0,0.549,0.488,166.722
135218,150873,38140,0.177,-0.949,-0.035,0.061,0.366,0.427,166.725
135218,150913,13598,0.174,-0.947,-0.037,0.061,0.366,0.427,166.732
135209,150873,38140,0.174,-0.946,-0.032,-0.122,0.549,0.427,166.735
135209,150896,13602,0.175,-0.946,-0.029,-0.122,0.549,0.427,166.741
135230,150873,38140,0.176,-0.943,-0.029,0.183,0.549,0.244,166.745
135230,150912,13619,0.174,-0.941,-0.033,0.183,0.549,0.244,166.751
135222,150873,38140,0.173,-0.943,-0.031,-0.244,0.671,0.183,166.755
135222,150914,13610,0.173,-0.951,-0.03,-0.244,0.671,0.183,166.761
135256,150873,38140,0.172,-0.954,-0.028,-0.122,0.671,0,166.765
135256,150941,13622,0.173,-0.947,-0.031,-0.122,0.671,0,166.771
135270,150873,38140,0.171,-0.944,-0.032,-0.183,0.671,0.122,166.775
135270,150908,13618,0.173,-0.949,-0.039,-0.183,0.671,0.122,166.781
135242,150873,38140,0.171,-0.951,-0.038,-0.183,0.854,0.366,166.785
135242,150944,13626,0.171,-0.951,-0.037,-0.183,0.854,0.366,166.791
135261,150873,38140,0.171,-0.945,-0.032,-0.122,0.976,0.244,166.795
135261,150933,13619,0.165,-0.94,-0.033,-0.122,0.976,0.244,166.801
