118126,138868,9298,-0.027,1.022,0.045,-0.427,0.122,0.671,316.381
118126,138856,11257,-0.026,1.026,0.05,-0.488,0.122,0.671,316.387
118137,138868,9298,-0.027,1.029,0.046,-0.488,0.122,0.671,316.391
118137,138863,11232,-0.029,1.028,0.048,-0.366,0.183,0.61,316.397
118113,138868,9298,-0.028,1.027,0.049,-0.366,0.183,0.61,316.401
118113,138853,11245,-0.028,1.027,0.049,-0.244,0.122,0.427,316.407
118126,138868,9298,-0.026,1.025,0.05,-0.244,0.122,0.427,316.411
118126,138854,11241,-0.029,1.026,0.048,-0.244,0.183,0.305,316.417
118141,138868,9298,-0.033,1.026,0.05,-0.244,0.183,0.305,316.421
118141,138858,11246,-0.03,1.027,0.052,-0.366,0.244,0.366,316.427
118118,138868,9298,-0.031,1.026,0.05,-0.366,0.244,0.366,316.43
118118,138876,11248,-0.034,1.025,0.051,-0.122,0.305,0.366,316.437
118135,138868,9298,-0.03,1.025,0.05,-0.122,0.305,0.366,316.44
118135,138852,11237,-0.03,1.026,0.05,0,0.122,0.305,316.447
118114,138868,9298,-0.03,1.025,0.048,0,0.122,0.305,316.45
118114,138875,11240,-0.032,1.023,0.047,-0.122,0.122,0.549,316.456
118117,138868,9298,-0.03,1.024,0.05,-0.122,0.122,0.549,316.46
118117,138888,11240,-0.029,1.025,0.055,-0.183,0.183,0.61,316.466
118129,138868,9298,-0.029,1.025,0.051,-0.183,0.183,0.61,316.47
118129,138869,11236,-0.029,1.022,0.048,-0.122,0.244,0.488,316.476
118127,138868,9298,-0.028,1.024,0.049,-0.122,0.244,0.488,316.48
118127,138869,11240,-0.029,1.025,0.047,0,0.427,0.61,316.486
118131,138868,9298,-0.032,1.025,0.048,0,0.427,0.61,316.49
118131,138870,11236,-0.03,1.026,0.049,0.305,0.427,0.61,316.496
118122,138868,9298,-0.026,1.025,0.051,0.305,0.427,0.61,316.5
118122,138866,11250,-0.026,1.028,0.047,0.366,0.366,0.488,316.506
118131,138868,9298,-0.027,1.03,0.047,0.366,0.366,0.488,316.51
118131,138881,11227,-0.024,1.03,0.05,0.183,0.549,0.549,316.516
118155,138868,9298,-0.026,1.027,0.051,0.183,0.549,0.549,316.52
118155,138851,11235,-0.028,1.029,0.046,0.183,0.732,0.305,316.526
118132,138868,9298,-0.029,1.028,0.047,0.183,0.732,0.305,316.529
118132,138878,11257,-0.029,1.029,0.049,-0.061,0.915,0.122,316.536
118150,138868,9298,-0.032,1.027,0.046,-0.061,0.915,0.122,316.539
118150,138872,11250,-0.033,1.025,0.048,-0.183,0.915,0.183,316.546
118129,138868,9298,-0.032,1.028,0.049,-0.183,0.915,0.183,316.549
118129,138887,11241,-0.031,1.023,0.045,-0.061,0.793,0.305,316.555
118172,138868,9298,-0.028,1.024,0.044,-0.061,0.793,0.305,316.559
118172,138890,11259,-0.031,1.026,0.044,0.061,0.61,0.183,316.565
118154,138868,9298,-0.033,1.026,0.045,0.061,0.61,0.183,316.569
118154,138886,11239,-0.031,1.025,0.043,0.244,0.61,0.183,316.575
118158,138868,9298,-0.032,1.028,0.043,0.244,0.61,0.183,316.579
118158,138893,11253,-0.031,1.027,0.045,0.488,0.549,0.061,316.585
118191,138868,9298,-0.029,1.026,0.047,0.488,0.549,0.061,316.589
118191,138881,11239,-0.029,1.026,0.044,0.305,0.427,0,316.595
118156,138868,9298,-0.03,1.027,0.047,0.305,0.427,0,316.599
118156,138878,11250,-0.032,1.027,0.047,0.183,0.549,-0.061,316.605
118164,138868,9298,-0.031,1.027,0.045,0.183,0.549,-0.061,316.609
118164,138877,11246,-0.032,1.025,0.048,0.061,0.549,-0.122,316.615
118158,138868,9298,-0.034,1.024,0.046,0.061,0.549,-0.122,316.619
118158,138877,11251,-0.03,1.026,0.045,-0.061,0.427,0,316.625
118166,138868,9298,-0.03,1.024,0.047,-0.061,0.427,0,316.628
118166,138871,11241,-0.031,1.024,0.047,-0.061,0.427,0.061,316.635
118168,138868,9298,-0.031,1.023,0.045,-0.061,0.427,0.061,316.638
118168,138883,11240,-0.031,1.025,0.048,-0.061,0.427,0.061,316.645
118159,138868,9298,-0.031,1.025,0.049,-0.061,0.427,0.061,316.648
118159,138912,11251,-0.032,1.027,0.049,0.122,0.427,0.061,316.654
118172,138868,9298,-0.031,1.025,0.045,0.122,0.427,0.061,316.658
118172,138887,11239,-0.029,1.026,0.046,0.305,0.549,0.061,316.664
118162,138868,9298,-0.029,1.026,0.05,0.305,0.549,0.061,316.668
118162,138896,11245,-0.031,1.025,0.048,0.122,0.61,0.183,316.674
118170,138868,9298,-0.034,1.025,0.047,0.122,0.61,0.183,316.678
118170,138904,11240,-0.035,1.021,0.047,-0.183,0.61,0.305,316.684
118199,138868,9298,-0.035,1.022,0.048,-0.183,0.61,0.305,316.688
118199,138889,11257,-0.033,1.023,0.047,-0.183,0.549,0.488,316.694
118170,138868,9298,-0.034,1.025,0.049,-0.183,0.549,0.488,316.698
118170,138896,11252,-0.034,1.027,0.047,-0.061,0.366,0.488,316.704
118174,138868,9298,-0.031,1.026,0.045,-0.061,0.366,0.488,316.708
118174,138896,11252,-0.033,1.026,0.045,-0.061,0.305,0.671,316.714
118176,138868,9298,-0.031,1.029,0.046,-0.061,0.305,0.671,316.718
118176,138898,11251,-0.031,1.029,0.047,-0.122,0.366,0.732,316.724
118176,138868,9298,-0.034,1.027,0.047,-0.122,0.366,0.732,316.727
118176,138882,11252,-0.033,1.028,0.047,-0.244,0.305,0.671,316.734
118176,138868,9298,-0.033,1.028,0.047,-0.244,0.305,0.671,316.737
118176,138886,11252,-0.033,1.025,0.048,-0.244,0.122,0.671,316.744
118167,138868,9298,-0.033,1.025,0.048,-0.244,0.122,0.671,316.747
118167,138882,11260,-0.027,1.03,0.043,0.061,0.183,0.61,316.753
118169,138868,9298,-0.027,1.03,0.043,0.061,0.183,0.61,316.757
118169,138892,11242,-0.029,1.024,0.046,0,0.244,0.61,316.763
118162,138868,9298,-0.029,1.024,0.046,0,0.244,0.61,316.767
118162,138877,11236,-0.026,1.023,0.046,-0.183,0.122,0.61,316.773
118160,138868,9298,-0.026,1.023,0.046,-0.183,0.122,0.61,316.777
118160,138880,11257,-0.029,1.026,0.049,-0.305,0.183,0.61,316.783
118174,138868,9298,-0.029,1.026,0.049,-0.305,0.183,0.61,316.787
118174,138876,11244,-0.028,1.026,0.048,-0.244,0.244,0.61,316.793
118175,138868,9298,-0.028,1.026,0.048,-0.244,0.244,0.61,316.797
118175,138874,11245,-0.032,1.026,0.049,-0.427,0.122,0.61,316.803
118180,138868,9298,-0.032,1.026,0.049,-0.427,0.122,0.61,316.807
118180,138876,11260,-0.031,1.025,0.044,-0.549,0.061,0.61,316.813
118161,138868,9298,-0.031,1.025,0.044,-0.549,0.061,0.61,316.817
118161,138848,11244,-0.028,1.026,0.045,-0.427,0,0.671,316.823
118160,138868,9298,-0.028,1.026,0.045,-0.427,0,0.671,316.826
118160,138853,11255,-0.027,1.024,0.049,-0.366,0,0.61,316.833
118153,138868,9298,-0.027,1.024,0.049,-0.366,0,0.61,316.836
118153,138841,11236,-0.031,1.024,0.043,-0.122,0.061,0.549,316.843
118141,138868,9298,-0.031,1.024,0.043,-0.122,0.061,0.549,316.846
118141,138854,11259,-0.029,1.027,0.05,-0.122,0.183,0.427,316.852
118123,138868,9298,-0.029,1.027,0.05,-0.122,0.183,0.427,316.856
118123,138852,11240,-0.028,1.03,0.047,0.061,0.183,0.305,316.862
118122,138868,9298,-0.028,1.03,0.047,0.061,0.183,0.305,316.866
118122,138848,11236,-0.026,1.026,0.045,-0.183,0.305,0.244,316.872
118113,138868,9298,-0.026,1.026,0.045,-0.183,0.305,0.244,316.876
118113,138833,11229,-0.028,1.024,0.048,-0.183,0.305,0.244,316.882
118089,138868,9298,-0.03,1.023,0.046,-0.366,0.427,0.244,316.886
118089,138842,11228,-0.031,1.024,0.047,-0.366,0.427,0.244,316.892
118108,138868,9298,-0.029,1.025,0.048,-0.305,0.488,0.366,316.896
118108,138813,11227,-0.029,1.024,0.047,-0.305,0.488,0.366,316.902
118105,138868,9298,-0.031,1.026,0.047,-0.122,0.488,0.244,316.906
118105,138835,11248,-0.03,1.027,0.047,-0.122,0.488,0.244,316.912
118110,138868,9298,-0.029,1.024,0.052,-0.122,0.427,0.305,316.916
118110,138829,11234,-0.031,1.027,0.046,-0.122,0.427,0.305,316.922
118096,138868,9298,-0.032,1.026,0.044,-0.183,0.427,0.427,316.925
118096,138835,11243,-0.032,1.023,0.043,-0.183,0.427,0.427,316.932
118123,138868,9298,-0.031,1.023,0.045,-0.183,0.427,0.488,316.935
118123,138856,11234,-0.03,1.026,0.046,-0.183,0.427,0.488,316.942
118110,138868,9298,-0.03,1.026,0.046,-0.122,0.305,0.427,316.945
118110,138847,11236,-0.026,1.023,0.048,-0.122,0.305,0.427,316.951
118132,138868,9298,-0.028,1.027,0.046,0,0.244,0.427,316.955
118132,138843,11218,-0.03,1.029,0.044,0,0.244,0.427,316.961
118109,138868,9298,-0.032,1.028,0.044,-0.122,0.305,0.427,316.965
118109,138868,11238,-0.028,1.027,0.047,-0.122,0.305,0.427,316.971
118123,138868,9298,-0.029,1.027,0.047,-0.183,0.305,0.366,316.975
118123,138876,11231,-0.03,1.027,0.047,-0.183,0.305,0.366,316.981
118132,138868,9298,-0.031,1.026,0.046,-0.61,0.305,0.366,316.985
118132,138837,11221,-0.032,1.025,0.047,-0.61,0.305,0.366,316.991
118134,138868,9298,-0.031,1.026,0.047,-0.549,0.305,0.305,316.995
118134,138879,11235,-0.032,1.025,0.046,-0.549,0.305,0.305,317.001
118132,138868,9298,-0.032,1.023,0.045,-0.427,0.244,0.305,317.005
118132,138881,11241,-0.031,1.024,0.047,-0.427,0.244,0.305,317.011
118130,138868,9298,-0.031,1.024,0.046,-0.488,0.183,0.488,317.015
118130,138883,11233,-0.034,1.025,0.043,-0.488,0.183,0.488,317.021
118146,138868,9298,-0.029,1.025,0.046,-0.305,0.183,0.61,317.024
118146,138876,11231,-0.031,1.025,0.043,-0.305,0.183,0.61,317.031
118159,138868,9298,-0.031,1.026,0.045,-0.061,0.183,0.61,317.034
118159,138863,11249,-0.029,1.028,0.05,-0.061,0.183,0.61,317.04
118152,138868,9298,-0.03,1.028,0.047,-0.305,0.061,0.671,317.044
118152,138877,11238,-0.03,1.026,0.049,-0.305,0.061,0.671,317.05
118156,138868,9298,-0.028,1.027,0.046,-0.732,0,0.61,317.054
118156,138874,11242,-0.028,1.026,0.046,-0.732,0,0.61,317.06
118149,138868,9298,-0.031,1.025,0.049,-0.854,0.122,0.61,317.064
118149,138863,11240,-0.029,1.026,0.048,-0.854,0.122,0.61,317.07
118143,138868,9298,-0.028,1.025,0.047,-0.732,0.244,0.549,317.074
118143,138879,11259,-0.028,1.023,0.049,-0.732,0.244,0.549,317.08
118156,138868,9298,-0.031,1.026,0.048,-0.61,0.183,0.488,317.084
118156,138889,11227,-0.027,1.025,0.048,-0.61,0.183,0.488,317.09
118158,138868,9298,-0.031,1.023,0.048,-0.366,0.305,0.488,317.094
118158,138860,11229,-0.031,1.025,0.045,-0.366,0.305,0.488,317.1
118146,138868,9298,-0.029,1.026,0.049,0.122,0.305,0.488,317.104
118146,138880,11228,-0.03,1.025,0.05,0.122,0.305,0.488,317.11
118159,138868,9298,-0.028,1.027,0.049,0.183,0.305,0.427,317.114
118159,138868,11234,-0.032,1.029,0.05,0.183,0.305,0.427,317.12
118134,138868,9298,-0.029,1.027,0.048,0,0.305,0.427,317.123
118134,138854,11258,-0.027,1.028,0.044,0,0.305,0.427,317.13
118164,138868,9298,-0.031,1.024,0.052,0,0.366,0.427,317.133
118164,138874,11233,-0.03,1.021,0.05,0,0.366,0.427,317.14
118160,138868,9298,-0.029,1.02,0.049,-0.305,0.488,0.488,317.143
118160,138879,11223,-0.032,1.019,0.047,-0.305,0.488,0.488,317.149
118149,138868,9298,-0.034,1.019,0.046,-0.244,0.488,0.61,317.153
118149,138863,11237,-0.033,1.021,0.044,-0.244,0.488,0.61,317.159
118152,138868,9298,-0.032,1.024,0.045,-0.183,0.488,0.732,317.163
118152,138873,11230,-0.036,1.028,0.045,-0.183,0.488,0.732,317.169
118141,138868,9298,-0.036,1.032,0.042,-0.122,0.244,0.61,317.173
118141,138852,11226,-0.035,1.031,0.045,-0.122,0.244,0.61,317.179
118129,138868,9298,-0.029,1.032,0.049,-0.183,0.122,0.488,317.183
118129,138850,11241,-0.028,1.028,0.049,-0.183,0.122,0.488,317.189
118136,138868,9298,-0.031,1.028,0.05,-0.549,0.183,0.61,317.193
118136,138844,11231,-0.029,1.027,0.045,-0.549,0.183,0.61,317.199
118130,138868,9298,-0.027,1.025,0.043,-0.671,0.427,0.671,317.203
118130,138834,11230,-0.027,1.02,0.043,-0.671,0.427,0.671,317.209
118142,138868,9298,-0.028,1.02,0.043,-0.305,0.488,0.61,317.213
118142,138868,11233,-0.028,1.021,0.047,-0.305,0.488,0.61,317.219
118142,138868,9298,-0.03,1.022,0.048,0.061,0.366,0.366,317.222
118142,138836,11224,-0.03,1.026,0.048,0.061,0.366,0.366,317.229
118153,138868,9298,-0.027,1.028,0.051,0.183,0.305,0.427,317.232
118153,138832,11225,-0.029,1.028,0.045,0.183,0.305,0.427,317.238
118134,138868,9298,-0.029,1.027,0.047,0.122,0.244,0.488,317.242
118134,138851,11243,-0.027,1.025,0.048,0.122,0.244,0.488,317.248
118137,138868,9298,-0.028,1.024,0.051,-0.305,0.183,0.671,317.252
118137,138835,11217,-0.027,1.029,0.046,-0.305,0.183,0.671,317.258
118133,138868,9298,-0.026,1.027,0.043,-0.671,0.244,0.732,317.262
118133,138848,11230,-0.026,1.026,0.047,-0.671,0.244,0.732,317.268
118143,138868,9298,-0.029,1.024,0.046,-0.671,0.244,0.61,317.272
118143,138861,11234,-0.026,1.025,0.047,-0.671,0.244,0.61,317.278
118153,138868,9298,-0.027,1.026,0.047,-0.549,0.183,0.366,317.282
118153,138874,11226,-0.027,1.028,0.046,-0.549,0.183,0.366,317.288
118139,138868,9298,-0.028,1.03,0.048,-0.305,0.305,0.244,317.292
118139,138856,11226,-0.027,1.027,0.047,-0.305,0.305,0.244,317.298
118153,138868,9298,-0.028,1.027,0.05,-0.183,0.305,0.183,317.302
118153,138873,11239,-0.027,1.029,0.049,-0.183,0.305,0.183,317.308
118163,138868,9298,-0.027,1.026,0.049,-0.061,0.366,0.061,317.312
118163,138884,11240,-0.029,1.026,0.05,-0.061,0.366,0.061,317.318
118150,138868,9298,-0.029,1.026,0.05,-0.061,0.366,0.061,317.321
118150,138872,11240,-0.031,1.025,0.055,-0.183,0.427,-0.061,317.328
118153,138868,9298,-0.031,1.025,0.055,-0.183,0.427,-0.061,317.331
118153,138874,11238,-0.031,1.023,0.048,-0.427,0.671,-0.061,317.337
118169,138868,9298,-0.031,1.023,0.048,-0.427,0.671,-0.061,317.341
118169,138870,11249,-0.034,1.024,0.052,-0.488,0.61,-0.061,317.347
118162,138868,9298,-0.034,1.024,0.052,-0.488,0.61,-0.061,317.351
118162,138878,11234,-0.03,1.024,0.045,0,0.61,0,317.357
118152,138868,9298,-0.03,1.024,0.045,0,0.61,0,317.361
118152,138850,11234,-0.029,1.025,0.048,0.427,0.671,-0.061,317.367
118151,138868,9298,-0.029,1.025,0.048,0.427,0.671,-0.061,317.371
118151,138872,11254,-0.03,1.028,0.046,0.549,0.671,0,317.377
118167,138868,9298,-0.03,1.028,0.046,0.549,0.671,0,317.381
118167,138861,11235,-0.032,1.027,0.043,0.183,0.732,0.183,317.387
118163,138868,9298,-0.032,1.027,0.043,0.183,0.732,0.183,317.391
118163,138866,11230,-0.029,1.024,0.044,-0.305,0.671,0.244,317.397
118154,138868,9298,-0.029,1.024,0.044,-0.305,0.671,0.244,317.401
118154,138861,11242,-0.032,1.026,0.046,-0.244,0.549,0.244,317.407
118155,138868,9298,-0.032,1.026,0.046,-0.244,0.549,0.244,317.41
118155,138855,11227,-0.032,1.025,0.047,-0.183,0.549,0.183,317.417
118148,138868,9298,-0.032,1.025,0.047,-0.183,0.549,0.183,317.42
118148,138873,11240,-0.033,1.024,0.046,-0.427,0.671,0.244,317.427
118151,138868,9298,-0.033,1.024,0.046,-0.427,0.671,0.244,317.43
118151,138860,11251,-0.03,1.025,0.048,-0.366,0.671,0.427,317.436
118139,138868,9298,-0.03,1.025,0.048,-0.366,0.671,0.427,317.44
118139,138870,11253,-0.031,1.029,0.044,-0.305,0.427,0.366,317.446
118170,138868,9298,-0.031,1.029,0.044,-0.305,0.427,0.366,317.45
118170,138845,11241,-0.029,1.024,0.046,-0.183,0.244,0.427,317.456
118151,138868,9298,-0.029,1.024,0.046,-0.183,0.244,0.427,317.46
118151,138838,11220,-0.03,1.025,0.042,-0.061,0.305,0.427,317.466
118130,138868,9298,-0.028,1.023,0.042,-0.061,0.305,0.427,317.47
118130,138813,11239,-0.03,1.024,0.045,-0.244,0.305,0.427,317.476
118152,138868,9298,-0.032,1.026,0.044,-0.244,0.305,0.427,317.48
118152,138834,11236,-0.035,1.027,0.046,-0.122,0.244,0.427,317.486
118153,138868,9298,-0.032,1.027,0.046,-0.122,0.244,0.427,317.49
118153,138833,11240,-0.033,1.029,0.047,-0.244,0.183,0.427,317.496
118127,138868,9298,-0.032,1.025,0.05,-0.244,0.183,0.427,317.5
118127,138839,11237,-0.028,1.026,0.05,-0.488,0.061,0.488,317.506
118150,138868,9298,-0.03,1.029,0.047,-0.488,0.061,0.488,317.51
118150,138821,11224,-0.027,1.029,0.047,-0.793,0.122,0.671,317.516
118138,138868,9298,-0.026,1.024,0.051,-0.793,0.122,0.671,317.519
118138,138808,11250,-0.025,1.024,0.05,-0.732,0.183,0.61,317.526
118132,138868,9298,-0.026,1.023,0.049,-0.732,0.183,0.61,317.529
118132,138827,11248,-0.026,1.024,0.05,-0.305,0.244,0.427,317.535
118134,138868,9298,-0.028,1.022,0.048,-0.305,0.244,0.427,317.539
118134,138831,11230,-0.027,1.026,0.049,0,0.366,0.305,317.545
118134,138868,9298,-0.027,1.025,0.045,0,0.366,0.305,317.549
118134,138806,11240,-0.031,1.028,0.045,0.122,0.488,0.244,317.555
118130,138868,9298,-0.027,1.028,0.049,0.122,0.488,0.244,317.559
118130,138833,11234,-0.029,1.028,0.048,0.122,0.549,0.183,317.565
118140,138868,9298,-0.033,1.028,0.053,0.122,0.549,0.183,317.569
118140,138806,11223,-0.03,1.028,0.05,-0.122,0.488,0.244,317.575
118114,138868,9298,-0.028,1.028,0.05,-0.122,0.488,0.244,317.579
118114,138826,11234,-0.029,1.027,0.05,-0.366,0.427,0.183,317.585
118116,138868,9298,-0.032,1.025,0.049,-0.366,0.427,0.183,317.589
118116,138811,11213,-0.032,1.023,0.047,-0.549,0.488,0.244,317.595
118093,138868,9298,-0.028,1.021,0.046,-0.549,0.488,0.244,317.599
118093,138799,11223,-0.029,1.023,0.044,-0.183,0.61,0.244,317.605
118073,138868,9298,-0.033,1.025,0.047,-0.183,0.61,0.244,317.608
118073,138823,11229,-0.027,1.026,0.046,0.122,0.61,0.183,317.615
118084,138868,9298,-0.031,1.028,0.045,0.122,0.61,0.183,317.618
118084,138798,11227,-0.029,1.028,0.047,0.427,0.549,0.244,317.625
118078,138868,9298,-0.028,1.026,0.05,0.427,0.549,0.244,317.628
118078,138771,11225,-0.031,1.028,0.048,0.366,0.61,0.244,317.634
118067,138868,9298,-0.029,1.027,0.044,0.366,0.61,0.244,317.638
118067,138771,11211,-0.031,1.029,0.048,0.061,0.671,0.244,317.644
118064,138868,9298,-0.029,1.028,0.046,0.061,0.671,0.244,317.648
118064,138761,11207,-0.031,1.024,0.045,-0.122,0.732,0.244,317.654
118058,138868,9298,-0.033,1.026,0.045,-0.122,0.732,0.244,317.658
118058,138775,11227,-0.032,1.028,0.044,-0.244,0.549,0.244,317.664
118068,138868,9298,-0.032,1.027,0.044,-0.244,0.549,0.244,317.668
118068,138783,11222,-0.033,1.025,0.046,-0.244,0.366,0.366,317.674
118072,138868,9298,-0.029,1.026,0.042,-0.244,0.366,0.366,317.678
118072,138788,11216,-0.03,1.028,0.043,-0.183,0.305,0.427,317.684
118067,138868,9298,-0.031,1.024,0.046,-0.183,0.305,0.427,317.688
118067,138789,11215,-0.03,1.025,0.043,-0.183,0.244,0.366,317.694
118058,138868,9298,-0.03,1.024,0.046,-0.183,0.244,0.366,317.698
118058,138784,11225,-0.029,1.027,0.049,-0.427,0.244,0.427,317.704
118070,138868,9298,-0.029,1.025,0.047,-0.427,0.244,0.427,317.708
118070,138801,11220,-0.031,1.024,0.049,-0.488,0.183,0.427,317.714
118076,138868,9298,-0.029,1.029,0.046,-0.488,0.183,0.427,317.717
118076,138791,11213,-0.029,1.027,0.048,-0.366,0.061,0.366,317.724
118083,138868,9298,-0.029,1.026,0.045,-0.366,0.061,0.366,317.727
118083,138810,11211,-0.027,1.027,0.047,-0.305,0.061,0.305,317.733
118094,138868,9298,-0.027,1.029,0.054,-0.305,0.061,0.305,317.737
118094,138782,11206,-0.029,1.027,0.05,-0.305,0.183,0.305,317.743
118094,138868,9298,-0.029,1.026,0.046,-0.305,0.183,0.305,317.747
118094,138821,11217,-0.03,1.028,0.049,-0.366,0.366,0.244,317.753
118095,138868,9298,-0.03,1.027,0.05,-0.366,0.366,0.244,317.757
118095,138811,11218,-0.031,1.025,0.049,-0.427,0.305,0.305,317.763
118108,138868,9298,-0.027,1.025,0.048,-0.427,0.305,0.305,317.767
118108,138794,11206,-0.029,1.024,0.043,-0.61,0.244,0.366,317.773
118100,138868,9298,-0.029,1.022,0.048,-0.61,0.244,0.366,317.777
118100,138799,11232,-0.031,1.026,0.05,-0.549,0.244,0.427,317.783
118105,138868,9298,-0.031,1.027,0.051,-0.549,0.244,0.427,317.787
118105,138823,11216,-0.029,1.023,0.049,-0.427,0.366,0.366,317.793
118108,138868,9298,-0.029,1.025,0.053,-0.427,0.366,0.366,317.797
118108,138821,11213,-0.032,1.025,0.048,-0.244,0.488,0.366,317.803
118114,138868,9298,-0.032,1.026,0.043,-0.244,0.488,0.366,317.807
118114,138822,11226,-0.031,1.027,0.044,0.061,0.549,0.305,317.813
118115,138868,9298,-0.032,1.027,0.047,0.061,0.549,0.305,317.816
118115,138818,11211,-0.027,1.029,0.051,-0.122,0.427,0.305,317.823
118135,138868,9298,-0.029,1.027,0.044,-0.122,0.427,0.305,317.826
118135,138835,11229,-0.031,1.027,0.046,-0.061,0.427,0.305,317.832
118109,138868,9298,-0.03,1.028,0.05,-0.061,0.427,0.305,317.836
118109,138838,11214,-0.03,1.026,0.052,-0.244,0.61,0.183,317.842
118126,138868,9298,-0.03,1.024,0.048,-0.244,0.61,0.183,317.846
118126,138829,11225,-0.028,1.026,0.047,-0.366,0.671,0.183,317.852
118111,138868,9298,-0.029,1.022,0.047,-0.366,0.671,0.183,317.856
118111,138836,11227,-0.031,1.024,0.048,-0.061,0.671,0.122,317.862
118153,138868,9298,-0.03,1.024,0.049,-0.061,0.671,0.122,317.866
118153,138867,11220,-0.033,1.026,0.048,0.122,0.427,0.183,317.872
118112,138868,9298,-0.033,1.026,0.043,0.122,0.427,0.183,317.876
118112,138846,11226,-0.029,1.026,0.044,0,0.488,0.244,317.882
118115,138868,9298,-0.031,1.022,0.049,0,0.488,0.244,317.886
118115,138839,11225,-0.032,1.029,0.05,-0.061,0.549,0.305,317.892
118123,138868,9298,-0.03,1.029,0.044,-0.061,0.549,0.305,317.896
118123,138823,11224,-0.029,1.026,0.045,0,0.427,0.366,317.902
118111,138868,9298,-0.029,1.026,0.045,0,0.427,0.366,317.905
118111,138798,11231,-0.025,1.026,0.047,-0.244,0.366,0.427,317.912
118135,138868,9298,-0.025,1.026,0.047,-0.244,0.366,0.427,317.915
118135,138794,11218,-0.028,1.024,0.045,-0.366,0.488,0.366,317.922
118130,138868,9298,-0.028,1.024,0.045,-0.366,0.488,0.366,317.925
118130,138807,11227,-0.031,1.023,0.044,-0.122,0.549,0.427,317.931
118100,138868,9298,-0.031,1.023,0.044,-0.122,0.549,0.427,317.935
118100,138841,11230,-0.03,1.026,0.045,0,0.427,0.427,317.941
118121,138868,9298,-0.03,1.026,0.045,0,0.427,0.427,317.945
118121,138827,11208,-0.03,1.027,0.045,-0.061,0.305,0.488,317.951
118113,138868,9298,-0.03,1.027,0.045,-0.061,0.305,0.488,317.955
118113,138824,11224,-0.029,1.028,0.047,-0.305,0.183,0.61,317.961
118103,138868,9298,-0.029,1.028,0.047,-0.305,0.183,0.61,317.965
118103,138813,11230,-0.03,1.026,0.046,-0.549,0.122,0.671,317.971
118124,138868,9298,-0.03,1.026,0.046,-0.549,0.122,0.671,317.975
118124,138795,11204,-0.03,1.026,0.049,-0.488,0.122,0.732,317.981
118116,138868,9298,-0.03,1.026,0.049,-0.488,0.122,0.732,317.985
118116,138825,11218,-0.023,1.028,0.047,-0.183,0,0.732,317.991
118127,138868,9298,-0.023,1.028,0.047,-0.183,0,0.732,317.995
118127,138798,11201,-0.024,1.025,0.044,-0.366,0.122,0.549,318.001
118124,138868,9298,-0.024,1.025,0.044,-0.366,0.122,0.549,318.005
118124,138819,11219,-0.027,1.023,0.04,-1.159,0.305,0.305,318.011
118128,138868,9298,-0.027,1.023,0.04,-1.159,0.305,0.305,318.014
118128,138825,11221,-0.03,1.024,0.047,-0.976,0.183,0.244,318.021
118113,138868,9298,-0.03,1.024,0.047,-0.976,0.183,0.244,318.024
118113,138795,11223,-0.029,1.027,0.051,-0.183,0.183,0.061,318.03
118114,138868,9298,-0.029,1.027,0.051,-0.183,0.183,0.061,318.034
118114,138837,11208,-0.03,1.026,0.055,0.427,0.305,0.061,318.04
118130,138868,9298,-0.03,1.026,0.055,0.427,0.305,0.061,318.044
118130,138835,11219,-0.029,1.027,0.055,0.427,0.305,0.061,318.05
118125,138868,9298,-0.031,1.026,0.052,0.183,0.549,0,318.054
118125,138833,11228,-0.031,1.025,0.052,0.183,0.549,0,318.06
118142,138868,9298,-0.033,1.027,0.049,-0.244,0.549,0.061,318.064
118142,138868,11222,-0.031,1.026,0.047,-0.244,0.549,0.061,318.07
118152,138868,9298,-0.034,1.024,0.045,-0.305,0.427,0.061,318.074
118152,138847,11238,-0.028,1.025,0.05,-0.305,0.427,0.061,318.08
118139,138868,9298,-0.029,1.026,0.05,-0.183,0.366,0,318.084
118139,138845,11221,-0.027,1.022,0.048,-0.183,0.366,0,318.09
118151,138868,9298,-0.027,1.023,0.052,0.061,0.427,0.061,318.094
118151,138835,11215,-0.03,1.025,0.051,0.061,0.427,0.061,318.1
118140,138868,9298,-0.028,1.024,0.048,0.244,0.732,0.122,318.103
118140,138808,11217,-0.031,1.023,0.046,0.244,0.732,0.122,318.11
118162,138868,9298,-0.033,1.024,0.046,0.305,0.732,0.122,318.113
118162,138835,11227,-0.031,1.026,0.048,0.305,0.732,0.122,318.12
118149,138868,9298,-0.028,1.029,0.049,0.488,0.671,0,318.123
118149,138846,11230,-0.028,1.028,0.049,0.488,0.671,0,318.129
118137,138868,9298,-0.03,1.028,0.051,0.366,0.61,0.061,318.133
118137,138855,11227,-0.032,1.024,0.048,0.366,0.61,0.061,318.139
118161,138868,9298,-0.033,1.024,0.048,0,0.671,0.122,318.143
118161,138857,11234,-0.032,1.026,0.043,0,0.671,0.122,318.149
118157,138868,9298,-0.036,1.025,0.044,-0.427,0.732,0.305,318.153
118157,138859,11223,-0.033,1.024,0.041,-0.427,0.732,0.305,318.159
118174,138868,9298,-0.033,1.025,0.044,-0.366,0.61,0.366,318.163
118174,138839,11236,-0.033,1.025,0.045,-0.366,0.61,0.366,318.169
118163,138868,9298,-0.033,1.029,0.043,0,0.366,0.305,318.173
118163,138842,11240,-0.031,1.032,0.043,0,0.366,0.305,318.179
118176,138868,9298,-0.028,1.028,0.041,0,0.122,0.488,318.183
118176,138830,11226,-0.033,1.029,0.043,0,0.122,0.488,318.189
118162,138868,9298,-0.031,1.029,0.041,-0.305,0,0.488,318.193
118162,138828,11227,-0.03,1.025,0.046,-0.305,0,0.488,318.199
118177,138868,9298,-0.031,1.025,0.045,-0.427,0.061,0.366,318.203
118177,138861,11220,-0.032,1.026,0.047,-0.427,0.061,0.366,318.209
118162,138868,9298,-0.032,1.024,0.045,-0.488,0.061,0.427,318.212
118162,138845,11235,-0.03,1.023,0.045,-0.488,0.061,0.427,318.219
118159,138868,9298,-0.033,1.025,0.045,-0.366,0,0.488,318.222
118159,138843,11234,-0.03,1.025,0.047,-0.366,0,0.488,318.228
118158,138868,9298,-0.028,1.025,0.051,-0.366,-0.061,0.488,318.232
118158,138823,11226,-0.027,1.028,0.049,-0.366,-0.061,0.488,318.238
118136,138868,9298,-0.028,1.027,0.05,-0.488,-0.061,0.427,318.242
118136,138839,11232,-0.026,1.026,0.05,-0.488,-0.061,0.427,318.248
118171,138868,9298,-0.028,1.028,0.047,-0.427,0.244,0.427,318.252
118171,138833,11222,-0.028,1.025,0.047,-0.427,0.244,0.427,318.258
118150,138868,9298,-0.025,1.024,0.049,-0.366,0.427,0.305,318.262
118150,138826,11228,-0.026,1.026,0.052,-0.366,0.427,0.305,318.268
118170,138868,9298,-0.029,1.027,0.056,-0.366,0.488,0.305,318.272
118170,138821,11227,-0.03,1.025,0.049,-0.366,0.488,0.305,318.278
118147,138868,9298,-0.028,1.026,0.049,0,0.61,0.183,318.282
118147,138835,11235,-0.029,1.027,0.053,0,0.61,0.183,318.288
118160,138868,9298,-0.028,1.024,0.051,0.183,0.793,0.244,318.292
118160,138837,11229,-0.028,1.024,0.048,0.183,0.793,0.244,318.298
118149,138868,9298,-0.032,1.027,0.048,0.122,0.915,0.366,318.301
118149,138821,11232,-0.032,1.028,0.049,0.122,0.915,0.366,318.308
118146,138868,9298,-0.034,1.027,0.05,0.427,0.915,0.305,318.311
118146,138800,11228,-0.028,1.029,0.047,0.427,0.915,0.305,318.318
118132,138868,9298,-0.027,1.03,0.047,0.488,0.976,0.244,318.321
118132,138797,11221,-0.028,1.027,0.047,0.488,0.976,0.244,318.327
118129,138868,9298,-0.029,1.025,0.046,0.183,1.098,0.244,318.331
118129,138802,11232,-0.03,1.024,0.046,0.183,1.098,0.244,318.337
118118,138868,9298,-0.031,1.026,0.043,0,1.098,0.305,318.341
118118,138786,11222,-0.03,1.024,0.044,0,1.098,0.305,318.347
118112,138868,9298,-0.031,1.025,0.042,0,0.854,0.244,318.351
118112,138808,11219,-0.033,1.025,0.045,0,0.854,0.244,318.357
118105,138868,9298,-0.031,1.024,0.04,0.061,0.732,0.244,318.361
118105,138778,11220,-0.032,1.026,0.037,0.061,0.732,0.244,318.367
118103,138868,9298,-0.032,1.03,0.042,0.244,0.671,0.244,318.371
118103,138792,11229,-0.031,1.029,0.046,0.244,0.671,0.244,318.377
118095,138868,9298,-0.032,1.026,0.047,0.244,0.488,0.244,318.381
118095,138775,11219,-0.032,1.028,0.042,0.244,0.488,0.244,318.387
118093,138868,9298,-0.033,1.03,0.041,0.122,0.488,0.122,318.391
118093,138782,11213,-0.032,1.029,0.041,0.122,0.488,0.122,318.397
118098,138868,9298,-0.033,1.025,0.041,-0.305,0.366,0.244,318.401
118098,138801,11226,-0.033,1.027,0.044,-0.305,0.366,0.244,318.407
118096,138868,9298,-0.033,1.029,0.042,-0.61,0.122,0.366,318.41
118096,138800,11207,-0.034,1.024,0.042,-0.61,0.122,0.366,318.417
118116,138868,9298,-0.033,1.025,0.047,-0.61,0,0.427,318.42
118116,138813,11211,-0.032,1.024,0.044,-0.61,0,0.427,318.426
118136,138868,9298,-0.032,1.021,0.044,-0.671,-0.183,0.427,318.43
118136,138822,11201,-0.031,1.025,0.048,-0.671,-0.183,0.427,318.436
118125,138868,9298,-0.033,1.027,0.047,-0.915,-0.183,0.671,318.44
118125,138809,11200,-0.029,1.027,0.045,-0.915,-0.183,0.671,318.446
118135,138868,9298,-0.028,1.026,0.046,-0.549,-0.183,0.549,318.45
118135,138846,11219,-0.029,1.029,0.049,-0.549,-0.183,0.549,318.456
118137,138868,9298,-0.026,1.029,0.051,-0.366,-0.122,0.488,318.46
118137,138828,11215,-0.028,1.027,0.044,-0.366,-0.122,0.488,318.466
118120,138868,9298,-0.028,1.028,0.048,-0.671,-0.183,0.488,318.47
118120,138846,11218,-0.028,1.026,0.048,-0.671,-0.183,0.488,318.476
118157,138868,9298,-0.028,1.026,0.049,-0.793,-0.061,0.427,318.48
118157,138845,11218,-0.029,1.025,0.049,-0.793,-0.061,0.427,318.486
118154,138868,9298,-0.027,1.026,0.049,-0.549,0.122,0.366,318.49
118154,138859,11228,-0.032,1.028,0.051,-0.549,0.122,0.366,318.496
118171,138868,9298,-0.032,1.028,0.051,-0.549,0.122,0.366,318.499
118171,138854,11223,-0.03,1.024,0.049,-0.488,0.122,0.366,318.506
118152,138868,9298,-0.03,1.024,0.049,-0.488,0.122,0.366,318.509
118152,138845,11230,-0.032,1.026,0.051,-0.488,0.122,0.549,318.516
118180,138868,9298,-0.032,1.026,0.051,-0.488,0.122,0.549,318.519
118180,138870,11225,-0.03,1.026,0.049,-0.549,0.183,0.732,318.525
118169,138868,9298,-0.03,1.026,0.049,-0.549,0.183,0.732,318.529
118169,138886,11216,-0.027,1.03,0.052,-0.61,0.305,0.671,318.535
118210,138868,9298,-0.027,1.03,0.052,-0.61,0.305,0.671,318.539
118210,138892,11228,-0.03,1.028,0.049,-0.244,0.305,0.488,318.545
118198,138868,9298,-0.03,1.028,0.049,-0.244,0.305,0.488,318.549
118198,138871,11234,-0.026,1.025,0.05,-0.183,0.427,0.488,318.555
118222,138868,9298,-0.026,1.025,0.05,-0.183,0.427,0.488,318.559
118222,138895,11234,-0.028,1.026,0.048,-0.244,0.488,0.427,318.565
118193,138868,9298,-0.028,1.026,0.048,-0.244,0.488,0.427,318.569
118193,138897,11234,-0.024,1.027,0.048,0.061,0.488,0.305,318.575
118171,138868,9298,-0.024,1.027,0.048,0.061,0.488,0.305,318.579
118171,138876,11235,-0.028,1.025,0.044,0.183,0.549,0.183,318.585
118194,138868,9298,-0.028,1.025,0.044,0.183,0.549,0.183,318.589
118194,138892,11229,-0.033,1.027,0.046,0.061,0.671,0.183,318.595
118183,138868,9298,-0.033,1.027,0.046,0.061,0.671,0.183,318.598
118183,138875,11229,-0.03,1.027,0.044,-0.061,0.732,0.305,318.605
118192,138868,9298,-0.03,1.027,0.044,-0.061,0.732,0.305,318.608
118192,138874,11230,-0.031,1.028,0.044,-0.244,0.488,0.305,318.615
118175,138868,9298,-0.031,1.028,0.044,-0.244,0.488,0.305,318.618
118175,138862,11222,-0.031,1.024,0.048,-0.488,0.244,0.427,318.624
118191,138868,9298,-0.031,1.024,0.048,-0.488,0.244,0.427,318.628
118191,138866,11226,-0.028,1.026,0.046,-0.671,0.244,0.427,318.634
118191,138868,9298,-0.028,1.026,0.046,-0.671,0.244,0.427,318.638
118191,138844,11239,-0.028,1.024,0.047,-0.549,0.305,0.366,318.644
118186,138868,9298,-0.03,1.025,0.045,-0.549,0.305,0.366,318.648
118186,138869,11230,-0.031,1.023,0.047,-0.122,0.305,0.366,318.654
118186,138868,9298,-0.033,1.024,0.045,-0.122,0.305,0.366,318.658
118186,138844,11216,-0.033,1.028,0.045,-0.122,0.305,0.305,318.664
118185,138868,9298,-0.031,1.026,0.05,-0.122,0.305,0.305,318.668
118185,138847,11233,-0.033,1.026,0.048,-0.183,0.244,0.244,318.674
118185,138868,9298,-0.033,1.03,0.047,-0.183,0.244,0.244,318.678
118185,138875,11211,-0.034,1.025,0.047,-0.183,0.305,0.305,318.684
118196,138868,9298,-0.03,1.024,0.046,-0.183,0.305,0.305,318.688
118196,138875,11228,-0.031,1.026,0.048,-0.427,0.244,0.488,318.694
118195,138868,9298,-0.028,1.025,0.047,-0.427,0.244,0.488,318.698
118195,138864,11225,-0.029,1.026,0.05,-0.549,0.122,0.549,318.704
118194,138868,9298,-0.028,1.023,0.045,-0.549,0.122,0.549,318.707
118194,138868,11225,-0.03,1.027,0.05,-0.305,0.244,0.488,318.714
118204,138868,9298,-0.032,1.025,0.051,-0.305,0.244,0.488,318.717
118204,138889,11244,-0.034,1.026,0.049,-0.061,0.305,0.488,318.723
118198,138868,9298,-0.032,1.027,0.047,-0.061,0.305,0.488,318.727
118198,138889,11216,-0.029,1.027,0.048,-0.122,0.183,0.549,318.733
118206,138868,9298,-0.028,1.027,0.045,-0.122,0.183,0.549,318.737
118206,138881,11217,-0.027,1.028,0.045,-0.244,0.244,0.671,318.743
118214,138868,9298,-0.026,1.026,0.048,-0.244,0.244,0.671,318.747
118214,138868,11228,-0.024,1.027,0.048,-0.305,0.305,0.61,318.753
118219,138868,9298,-0.024,1.03,0.051,-0.305,0.305,0.61,318.757
118219,138892,11219,-0.027,1.029,0.049,-0.427,0.488,0.427,318.763
118218,138868,9298,-0.028,1.027,0.048,-0.427,0.488,0.427,318.767
118218,138893,11223,-0.032,1.026,0.047,-0.366,0.732,0.305,318.773
118204,138868,9298,-0.03,1.024,0.047,-0.366,0.732,0.305,318.777
118204,138899,11236,-0.031,1.026,0.047,-0.305,0.732,0.244,318.783
118222,138868,9298,-0.033,1.027,0.047,-0.305,0.732,0.244,318.787
118222,138878,11229,-0.032,1.025,0.049,-0.061,0.61,0.366,318.793
118201,138868,9298,-0.031,1.028,0.048,-0.061,0.61,0.366,318.796
118201,138880,11239,-0.028,1.025,0.048,0.244,0.366,0.183,318.803
118226,138868,9298,-0.026,1.026,0.047,0.244,0.366,0.183,318.806
118226,138887,11227,-0.028,1.026,0.047,0.122,0.305,0.061,318.813
118231,138868,9298,-0.028,1.027,0.045,0.122,0.305,0.061,318.816
118231,138898,11224,-0.03,1.028,0.049,0.061,0.488,0,318.822
118223,138868,9298,-0.03,1.027,0.049,0.061,0.488,0,318.826
118223,138895,11234,-0.031,1.025,0.048,0.122,0.427,-0.122,318.832
118227,138868,9298,-0.03,1.026,0.049,0.122,0.427,-0.122,318.836
118227,138892,11219,-0.031,1.026,0.048,-0.122,0.427,0,318.842
118240,138868,9298,-0.031,1.024,0.047,-0.122,0.427,0,318.846
118240,138908,11227,-0.028,1.022,0.048,-0.244,0.366,0.122,318.852
118260,138868,9298,-0.03,1.025,0.05,-0.244,0.366,0.122,318.856
118260,138887,11222,-0.031,1.026,0.046,-0.183,0.305,0.122,318.862
118225,138868,9298,-0.031,1.027,0.042,-0.183,0.305,0.122,318.866
118225,138883,11250,-0.03,1.025,0.045,0.183,0.427,0.061,318.872
118232,138868,9298,-0.031,1.025,0.044,0.183,0.427,0.061,318.876
118232,138898,11241,-0.033,1.025,0.046,0.244,0.549,0.122,318.882
118235,138868,9298,-0.033,1.028,0.047,0.244,0.549,0.122,318.886
118235,138899,11218,-0.031,1.025,0.043,0.183,0.488,0.183,318.892
118231,138868,9298,-0.03,1.027,0.046,0.183,0.488,0.183,318.895
118231,138899,11231,-0.03,1.025,0.047,-0.183,0.488,0.305,318.902
118237,138868,9298,-0.029,1.025,0.047,-0.183,0.488,0.305,318.905
118237,138916,11242,-0.032,1.023,0.049,-0.366,0.427,0.305,318.912
118220,138868,9298,-0.034,1.021,0.046,-0.366,0.427,0.305,318.915
118220,138906,11236,-0.031,1.022,0.045,-0.427,0.427,0.366,318.921
118247,138868,9298,-0.031,1.023,0.049,-0.427,0.427,0.366,318.925
118247,138900,11233,-0.036,1.024,0.049,-0.427,0.488,0.366,318.931
118229,138868,9298,-0.034,1.025,0.044,-0.427,0.488,0.366,318.935
118229,138890,11228,-0.033,1.028,0.047,-0.244,0.366,0.488,318.941
118244,138868,9298,-0.034,1.034,0.048,-0.244,0.366,0.488,318.945
118244,138892,11232,-0.029,1.028,0.047,-0.061,0.183,0.488,318.951
118237,138868,9298,-0.029,1.026,0.046,-0.061,0.183,0.488,318.955
118237,138903,11222,-0.033,1.026,0.043,-0.183,0.244,0.549,318.961
118250,138868,9298,-0.03,1.024,0.045,-0.183,0.244,0.549,318.965
118250,138870,11233,-0.031,1.024,0.048,-0.427,0.244,0.549,318.971
118258,138868,9298,-0.033,1.024,0.045,-0.427,0.244,0.549,318.975
118258,138897,11233,-0.028,1.026,0.049,-0.366,0.122,0.488,318.981
118241,138868,9298,-0.028,1.024,0.047,-0.366,0.122,0.488,318.985
118241,138908,11227,-0.03,1.028,0.046,-0.305,0.183,0.488,318.991
118246,138868,9298,-0.029,1.029,0.047,-0.305,0.183,0.488,318.994
118246,138903,11233,-0.028,1.026,0.049,-0.244,0.183,0.488,319.001
118231,138868,9298,-0.025,1.027,0.046,-0.244,0.183,0.488,319.004
118231,138882,11248,-0.028,1.026,0.047,-0.305,0.305,0.488,319.011
118248,138868,9298,-0.029,1.025,0.045,-0.305,0.305,0.488,319.014
118248,138899,11228,-0.031,1.028,0.044,-0.427,0.427,0.488,319.02
118237,138868,9298,-0.032,1.027,0.048,-0.427,0.427,0.488,319.024
118237,138891,11229,-0.03,1.031,0.046,-0.305,0.366,0.366,319.03
118254,138868,9298,-0.027,1.028,0.049,-0.305,0.366,0.366,319.034
118254,138896,11238,-0.03,1.027,0.05,-0.122,0.183,0.305,319.04
118237,138868,9298,-0.029,1.028,0.047,-0.122,0.183,0.305,319.044
118237,138898,11231,-0.029,1.026,0.047,-0.427,0.366,0.427,319.05
118246,138868,9298,-0.027,1.025,0.044,-0.427,0.366,0.427,319.054
118246,138888,11245,-0.029,1.023,0.049,-0.427,0.488,0.488,319.06
118243,138868,9298,-0.031,1.025,0.05,-0.427,0.488,0.488,319.064
118243,138885,11235,-0.031,1.026,0.048,0,0.549,0.244,319.07
118224,138868,9298,-0.033,1.024,0.051,0,0.549,0.244,319.074
118224,138867,11237,-0.032,1.024,0.049,0.122,0.427,0.305,319.08
118207,138868,9298,-0.032,1.024,0.049,0.122,0.427,0.305,319.084
118207,138864,11246,-0.034,1.026,0.048,0.122,0.427,0.305,319.09
118195,138868,9298,-0.034,1.026,0.048,0.122,0.427,0.305,319.093
118195,138835,11227,-0.03,1.025,0.046,0.061,0.549,0.366,319.1
118190,138868,9298,-0.03,1.025,0.046,0.061,0.549,0.366,319.103
118190,138838,11234,-0.03,1.027,0.047,-0.305,0.549,0.427,319.11
118180,138868,9298,-0.03,1.027,0.047,-0.305,0.549,0.427,319.113
118180,138871,11228,-0.031,1.029,0.043,-0.427,0.61,0.427,319.119
118178,138868,9298,-0.031,1.029,0.043,-0.427,0.61,0.427,319.123
118178,138855,11221,-0.031,1.023,0.044,-0.244,0.549,0.366,319.129
118165,138868,9298,-0.031,1.023,0.044,-0.244,0.549,0.366,319.133
118165,138869,11226,-0.033,1.026,0.043,-0.244,0.427,0.305,319.139
118177,138868,9298,-0.033,1.026,0.043,-0.244,0.427,0.305,319.143
118177,138855,11229,-0.032,1.028,0.039,-0.183,0.427,0.305,319.149
118202,138868,9298,-0.032,1.028,0.039,-0.183,0.427,0.305,319.153
118202,138872,11226,-0.031,1.03,0.046,0.244,0.366,0.305,319.159
118176,138868,9298,-0.031,1.03,0.046,0.244,0.366,0.305,319.163
118176,138824,11220,-0.031,1.028,0.047,0.183,0.305,0.244,319.169
118193,138868,9298,-0.031,1.028,0.047,0.183,0.305,0.244,319.173
118193,138869,11215,-0.029,1.028,0.051,-0.244,0.244,0.305,319.179
118204,138868,9298,-0.029,1.028,0.051,-0.244,0.244,0.305,319.183
118204,138869,11220,-0.03,1.023,0.047,-0.549,0.305,0.366,319.189
118198,138868,9298,-0.03,1.023,0.047,-0.549,0.305,0.366,319.192
118198,138896,11228,-0.029,1.024,0.05,-0.61,0.305,0.366,319.199
118214,138868,9298,-0.029,1.024,0.05,-0.61,0.305,0.366,319.202
118214,138885,11218,-0.031,1.024,0.047,-0.488,0.244,0.366,319.209
118213,138868,9298,-0.031,1.024,0.047,-0.488,0.244,0.366,319.212
118213,138881,11229,-0.033,1.025,0.046,-0.305,0.305,0.427,319.218
118191,138868,9298,-0.033,1.025,0.046,-0.305,0.305,0.427,319.222
118191,138887,11224,-0.03,1.024,0.046,-0.305,0.305,0.427,319.228
118205,138868,9298,-0.032,1.026,0.046,-0.183,0.305,0.427,319.232
118205,138890,11222,-0.034,1.028,0.045,-0.183,0.305,0.427,319.238
118205,138868,9298,-0.029,1.027,0.046,0,0.244,0.427,319.242
118205,138881,11217,-0.031,1.027,0.048,0,0.244,0.427,319.248
118220,138868,9298,-0.033,1.028,0.048,-0.061,0.244,0.366,319.252
118220,138889,11215,-0.031,1.028,0.046,-0.061,0.244,0.366,319.258
118215,138868,9298,-0.031,1.027,0.047,-0.61,0.305,0.427,319.262
118215,138904,11227,-0.03,1.028,0.048,-0.61,0.305,0.427,319.268
118235,138868,9298,-0.031,1.029,0.052,-0.793,0.305,0.488,319.272
118235,138884,11218,-0.03,1.023,0.049,-0.793,0.305,0.488,319.278
118242,138868,9298,-0.031,1.022,0.047,-0.61,0.366,0.366,319.282
118242,138938,11228,-0.031,1.023,0.047,-0.61,0.366,0.366,319.288
118228,138868,9298,-0.031,1.022,0.048,-0.427,0.366,0.244,319.291
118228,138904,11224,-0.03,1.023,0.046,-0.427,0.366,0.244,319.298
118226,138868,9298,-0.032,1.025,0.047,0,0.427,0.366,319.301
118226,138894,11232,-0.029,1.027,0.046,0,0.427,0.366,319.308
118239,138868,9298,-0.03,1.027,0.05,0.366,0.427,0.305,319.311
118239,138884,11231,-0.026,1.027,0.052,0.366,0.427,0.305,319.317
118224,138868,9298,-0.028,1.027,0.05,0.183,0.305,0.305,319.321
118224,138886,11219,-0.03,1.029,0.049,0.183,0.305,0.305,319.327
118237,138868,9298,-0.031,1.028,0.048,-0.427,0.427,0.427,319.331
118237,138887,11237,-0.028,1.028,0.047,-0.427,0.427,0.427,319.337
118248,138868,9298,-0.028,1.026,0.048,-0.61,0.427,0.427,319.341
118248,138901,11237,-0.031,1.026,0.05,-0.61,0.427,0.427,319.347
118242,138868,9298,-0.031,1.024,0.051,-0.244,0.366,0.366,319.351
118242,138906,11228,-0.029,1.021,0.049,-0.244,0.366,0.366,319.357
118236,138868,9298,-0.031,1.022,0.047,-0.244,0.488,0.366,319.361
118236,138889,11227,-0.03,1.023,0.049,-0.244,0.488,0.366,319.367
118225,138868,9298,-0.032,1.026,0.049,-0.305,0.61,0.488,319.371
118225,138888,11224,-0.032,1.027,0.048,-0.305,0.61,0.488,319.377
118230,138868,9298,-0.032,1.028,0.047,0.122,0.61,0.427,319.381
118230,138906,11242,-0.031,1.032,0.045,0.122,0.61,0.427,319.387
118253,138868,9298,-0.03,1.029,0.047,0.244,0.427,0.305,319.39
118253,138884,11218,-0.031,1.026,0.046,0.244,0.427,0.305,319.397
118235,138868,9298,-0.03,1.026,0.046,-0.122,0.488,0.366,319.4
118235,138876,11230,-0.03,1.025,0.049,-0.122,0.488,0.366,319.407
118224,138868,9298,-0.031,1.026,0.046,-0.305,0.427,0.427,319.41
118224,138881,11216,-0.029,1.025,0.046,-0.305,0.427,0.427,319.416
118231,138868,9298,-0.029,1.025,0.049,-0.305,0.305,0.549,319.42
118231,138889,11223,-0.027,1.023,0.048,-0.305,0.305,0.549,319.426
118242,138868,9298,-0.029,1.022,0.046,-0.183,0.244,0.488,319.43
118242,138871,11210,-0.032,1.022,0.046,-0.183,0.244,0.488,319.436
118234,138868,9298,-0.03,1.025,0.049,0.061,0.366,0.305,319.44
118234,138857,11227,-0.031,1.026,0.05,0.061,0.366,0.305,319.446
118200,138868,9298,-0.032,1.029,0.047,0.061,0.427,0.427,319.45
118200,138856,11211,-0.032,1.028,0.047,0.061,0.427,0.427,319.456
118216,138868,9298,-0.031,1.028,0.047,-0.305,0.366,0.549,319.46
118216,138875,11233,-0.032,1.026,0.047,-0.305,0.366,0.549,319.466
118230,138868,9298,-0.03,1.022,0.048,-0.488,0.305,0.488,319.47
118230,138890,11209,-0.033,1.02,0.048,-0.488,0.305,0.488,319.476
118201,138868,9298,-0.032,1.026,0.048,-0.61,0.183,0.488,319.48
118201,138878,11220,-0.028,1.027,0.046,-0.61,0.183,0.488,319.486
118235,138868,9298,-0.029,1.024,0.049,-0.305,0.183,0.549,319.489
118235,138889,11217,-0.031,1.024,0.046,-0.305,0.183,0.549,319.496
118227,138868,9298,-0.029,1.023,0.047,0.061,0.244,0.427,319.499
118227,138889,11216,-0.031,1.023,0.051,0.061,0.244,0.427,319.505
118235,138868,9298,-0.03,1.024,0.048,0.122,0.244,0.488,319.509
118235,138889,11226,-0.031,1.027,0.047,0.122,0.244,0.488,319.515
118237,138868,9298,-0.03,1.028,0.048,0.122,0.305,0.549,319.519
118237,138901,11232,-0.03,1.026,0.05,0.122,0.305,0.549,319.525
118243,138868,9298,-0.03,1.028,0.043,0,0.366,0.549,319.529
118243,138892,11223,-0.026,1.029,0.046,0,0.366,0.549,319.535
118251,138868,9298,-0.028,1.027,0.047,-0.244,0.244,0.61,319.539
118251,138882,11223,-0.027,1.026,0.05,-0.244,0.244,0.61,319.545
118245,138868,9298,-0.026,1.026,0.046,-0.549,0.305,0.61,319.549
118245,138885,11235,-0.028,1.025,0.047,-0.549,0.305,0.61,319.555
118247,138868,9298,-0.03,1.024,0.049,-0.488,0.549,0.488,319.559
118247,138894,11221,-0.03,1.025,0.048,-0.488,0.549,0.488,319.565
118230,138868,9298,-0.028,1.024,0.046,-0.244,0.671,0.305,319.569
118230,138877,11226,-0.031,1.026,0.046,-0.244,0.671,0.305,319.575
118249,138868,9298,-0.032,1.026,0.048,0.122,0.671,0.244,319.579
118249,138887,11230,-0.033,1.025,0.045,0.122,0.671,0.244,319.585
118259,138868,9298,-0.034,1.026,0.045,0.427,0.732,0.183,319.588
118259,138871,11230,-0.034,1.027,0.046,0.427,0.732,0.183,319.595
118242,138868,9298,-0.034,1.028,0.05,0.366,0.549,0.244,319.598
118242,138902,11228,-0.032,1.027,0.048,0.366,0.549,0.244,319.605
118263,138868,9298,-0.033,1.026,0.049,0,0.427,0.183,319.608
118263,138899,11233,-0.032,1.026,0.047,0,0.427,0.183,319.614
118270,138868,9298,-0.03,1.031,0.047,-0.122,0.427,0.183,319.618
118270,138895,11224,-0.031,1.028,0.049,-0.122,0.427,0.183,319.624
118255,138868,9298,-0.029,1.025,0.046,-0.122,0.488,0.061,319.628
118255,138880,11240,-0.029,1.027,0.047,-0.122,0.488,0.061,319.634
118257,138868,9298,-0.03,1.024,0.048,-0.183,0.488,0.061,319.638
118257,138905,11236,-0.028,1.023,0.048,-0.183,0.488,0.061,319.644
118262,138868,9298,-0.028,1.023,0.046,-0.061,0.427,0.122,319.648
118262,138911,11237,-0.03,1.025,0.049,-0.061,0.427,0.122,319.654
118247,138868,9298,-0.03,1.025,0.047,0.305,0.549,-0.061,319.658
118247,138902,11223,-0.027,1.025,0.045,0.305,0.549,-0.061,319.664
118246,138868,9298,-0.027,1.025,0.045,0.305,0.549,-0.061,319.668
118246,138919,11236,-0.03,1.025,0.045,0.61,0.671,-0.122,319.674
118275,138868,9298,-0.03,1.025,0.045,0.61,0.671,-0.122,319.678
118275,138898,11235,-0.031,1.026,0.043,0.488,0.732,0.061,319.684
118247,138868,9298,-0.031,1.026,0.043,0.488,0.732,0.061,319.687
118247,138921,11229,-0.034,1.026,0.045,0.061,0.671,0.305,319.694
118268,138868,9298,-0.034,1.026,0.045,0.061,0.671,0.305,319.697
118268,138903,11211,-0.032,1.024,0.046,-0.305,0.366,0.427,319.703
118276,138868,9298,-0.032,1.024,0.046,-0.305,0.366,0.427,319.707
118276,138889,11233,-0.032,1.023,0.044,-0.488,0.305,0.488,319.713
118262,138868,9298,-0.032,1.023,0.044,-0.488,0.305,0.488,319.717
118262,138901,11241,-0.033,1.025,0.041,-0.549,0.305,0.61,319.723
118271,138868,9298,-0.033,1.025,0.041,-0.549,0.305,0.61,319.727
118271,138904,11226,-0.031,1.024,0.047,-0.305,0.244,0.732,319.733
118266,138868,9298,-0.031,1.024,0.047,-0.305,0.244,0.732,319.737
118266,138905,11247,-0.029,1.029,0.044,0,0.122,0.671,319.743
118262,138868,9298,-0.029,1.029,0.044,0,0.122,0.671,319.747
118262,138904,11243,-0.03,1.028,0.045,0.244,0.122,0.549,319.753
118254,138868,9298,-0.03,1.028,0.045,0.244,0.122,0.549,319.757
118254,138891,11226,-0.028,1.026,0.047,0.366,0.244,0.427,319.763
118255,138868,9298,-0.028,1.026,0.047,0.366,0.244,0.427,319.767
118255,138895,11240,-0.032,1.026,0.05,0.061,0.488,0.427,319.773
118256,138868,9298,-0.032,1.026,0.05,0.061,0.488,0.427,319.777
118256,138895,11235,-0.029,1.024,0.052,-0.122,0.305,0.549,319.783
118257,138868,9298,-0.029,1.024,0.052,-0.122,0.305,0.549,319.786
118257,138896,11247,-0.028,1.026,0.05,-0.183,0.183,0.549,319.793
118275,138868,9298,-0.028,1.026,0.05,-0.183,0.183,0.549,319.796
118275,138878,11226,-0.031,1.025,0.051,-0.244,0.244,0.61,319.803
118252,138868,9298,-0.031,1.025,0.051,-0.244,0.244,0.61,319.806
118252,138896,11236,-0.028,1.026,0.048,-0.366,0.305,0.61,319.812
118246,138868,9298,-0.026,1.025,0.044,-0.366,0.305,0.61,319.816
118246,138872,11242,-0.027,1.026,0.046,-0.122,0.305,0.61,319.822
118271,138868,9298,-0.026,1.026,0.046,-0.122,0.305,0.61,319.826
118271,138899,11242,-0.027,1.026,0.051,0.244,0.366,0.488,319.832
118251,138868,9298,-0.025,1.028,0.046,0.244,0.366,0.488,319.836
118251,138893,11226,-0.027,1.031,0.047,0,0.427,0.366,319.842
118245,138868,9298,-0.029,1.03,0.048,0,0.427,0.366,319.846
118245,138907,11238,-0.027,1.03,0.049,0,0.61,0.183,319.852
118257,138868,9298,-0.031,1.028,0.049,0,0.61,0.183,319.856
118257,138870,11235,-0.032,1.024,0.05,0.122,0.671,0.122,319.862
118233,138868,9298,-0.03,1.025,0.048,0.122,0.671,0.122,319.866
118233,138838,11237,-0.029,1.026,0.049,0.061,0.732,0.183,319.872
118233,138868,9298,-0.029,1.024,0.048,0.061,0.732,0.183,319.876
118233,138868,11221,-0.028,1.023,0.044,0,0.732,0.244,319.882
118225,138868,9298,-0.032,1.023,0.048,0,0.732,0.244,319.885
118225,138833,11223,-0.034,1.025,0.046,0.122,0.61,0.366,319.892
118184,138868,9298,-0.031,1.026,0.046,0.122,0.61,0.366,319.895
118184,138838,11226,-0.03,1.027,0.044,0.305,0.549,0.305,319.902
118201,138868,9298,-0.031,1.025,0.046,0.305,0.549,0.305,319.905
118201,138844,11222,-0.032,1.029,0.049,0.305,0.61,0.366,319.911
118200,138868,9298,-0.03,1.027,0.043,0.305,0.61,0.366,319.915
118200,138832,11214,-0.032,1.028,0.044,0,0.671,0.366,319.921
118207,138868,9298,-0.032,1.028,0.04,0,0.671,0.366,319.925
118207,138835,11213,-0.029,1.028,0.042,-0.183,0.61,0.366,319.931
118177,138868,9298,-0.03,1.027,0.043,-0.183,0.61,0.366,319.935
118177,138848,11210,-0.029,1.029,0.042,-0.061,0.549,0.305,319.941
118181,138868,9298,-0.032,1.024,0.044,-0.061,0.549,0.305,319.945
118181,138835,11226,-0.03,1.024,0.045,0.183,0.427,0.305,319.951
118189,138868,9298,-0.029,1.026,0.042,0.183,0.427,0.305,319.955
118189,138842,11222,-0.031,1.023,0.043,0,0.427,0.244,319.961
118192,138868,9298,-0.03,1.028,0.043,0,0.427,0.244,319.965
118192,138844,11209,-0.03,1.028,0.043,-0.183,0.427,0.244,319.971
118202,138868,9298,-0.031,1.023,0.046,-0.183,0.427,0.244,319.975
118202,138842,11216,-0.032,1.027,0.045,-0.183,0.244,0.305,319.981
118199,138868,9298,-0.029,1.025,0.043,-0.183,0.244,0.305,319.984
118199,138841,11221,-0.031,1.024,0.042,-0.427,0.122,0.366,319.991
118217,138868,9298,-0.033,1.023,0.046,-0.427,0.122,0.366,319.994
118217,138857,11215,-0.035,1.025,0.045,-0.61,0.183,0.549,320.001
118205,138868,9298,-0.032,1.025,0.047,-0.61,0.183,0.549,320.004
118205,138874,11208,-0.031,1.026,0.046,-0.427,0.061,0.427,320.01
118239,138868,9298,-0.029,1.026,0.045,-0.427,0.061,0.427,320.014
118239,138862,11191,-0.032,1.029,0.046,-0.244,0,0.427,320.02
118223,138868,9298,-0.033,1.027,0.046,-0.244,0,0.427,320.024
118223,138869,11218,-0.03,1.025,0.049,-0.305,0,0.488,320.03
118225,138868,9298,-0.03,1.026,0.048,-0.305,0,0.488,320.034
118225,138879,11214,-0.029,1.028,0.047,-0.427,0.122,0.488,320.04
118226,138868,9298,-0.028,1.028,0.049,-0.427,0.122,0.488,320.044
118226,138860,11236,-0.029,1.027,0.052,-0.427,0.122,0.366,320.05
118232,138868,9298,-0.028,1.027,0.051,-0.427,0.122,0.366,320.054
118232,138888,11220,-0.027,1.024,0.048,-0.427,0.183,0.366,320.06
118240,138868,9298,-0.026,1.023,0.048,-0.427,0.183,0.366,320.064
118240,138884,11228,-0.03,1.025,0.048,-0.488,0.305,0.427,320.07
118233,138868,9298,-0.03,1.027,0.049,-0.488,0.305,0.427,320.074
118233,138888,11224,-0.031,1.024,0.047,-0.305,0.488,0.488,320.08
118228,138868,9298,-0.03,1.025,0.048,-0.305,0.488,0.488,320.083
118228,138872,11205,-0.03,1.025,0.049,-0.122,0.488,0.549,320.09
118242,138868,9298,-0.03,1.023,0.046,-0.122,0.488,0.549,320.093
118242,138874,11207,-0.03,1.025,0.047,-0.122,0.427,0.549,320.1
118232,138868,9298,-0.03,1.028,0.051,-0.122,0.427,0.549,320.103
118232,138881,11219,-0.028,1.029,0.047,-0.183,0.366,0.427,320.109
118247,138868,9298,-0.03,1.028,0.046,-0.183,0.366,0.427,320.113
118247,138859,11216,-0.029,1.027,0.047,-0.122,0.549,0.427,320.119
118227,138868,9298,-0.029,1.026,0.046,-0.122,0.549,0.427,320.123
118227,138903,11231,-0.031,1.025,0.044,-0.061,0.61,0.305,320.129
118250,138868,9298,-0.031,1.023,0.045,-0.061,0.61,0.305,320.133
118250,138865,11223,-0.03,1.024,0.044,0.061,0.549,0.305,320.139
118237,138868,9298,-0.032,1.025,0.047,0.061,0.549,0.305,320.143
118237,138845,11242,-0.03,1.026,0.045,0.244,0.549,0.244,320.149
118224,138868,9298,-0.026,1.026,0.044,0.244,0.549,0.244,320.153
118224,138857,11220,-0.029,1.026,0.046,0.122,0.488,0.244,320.159
118223,138868,9298,-0.029,1.025,0.046,0.122,0.488,0.244,320.163
118223,138844,11223,-0.03,1.026,0.046,0.061,0.488,0.305,320.169
118228,138868,9298,-0.028,1.025,0.046,0.061,0.488,0.305,320.173
118228,138856,11213,-0.029,1.025,0.041,-0.122,0.488,0.366,320.179
118220,138868,9298,-0.028,1.024,0.05,-0.122,0.488,0.366,320.182
118220,138862,11213,-0.03,1.025,0.05,-0.305,0.427,0.305,320.189
118227,138868,9298,-0.032,1.029,0.046,-0.305,0.427,0.305,320.192
118227,138870,11229,-0.028,1.027,0.047,-0.549,0.488,0.427,320.199
118245,138868,9298,-0.031,1.026,0.045,-0.549,0.488,0.427,320.202
118245,138853,11200,-0.035,1.026,0.044,-0.122,0.488,0.305,320.208
118211,138868,9298,-0.036,1.023,0.042,-0.122,0.488,0.305,320.212
118211,138838,11206,-0.034,1.026,0.043,0.183,0.488,0.122,320.218
118215,138868,9298,-0.034,1.026,0.042,0.183,0.488,0.122,320.222
118215,138844,11225,-0.032,1.029,0.044,0.183,0.427,0.244,320.228
118229,138868,9298,-0.034,1.03,0.045,0.183,0.427,0.244,320.232
118229,138871,11224,-0.034,1.026,0.046,0.061,0.305,0.366,320.238
118223,138868,9298,-0.032,1.026,0.046,0.061,0.305,0.366,320.242
118223,138865,11217,-0.029,1.026,0.042,-0.061,0.183,0.427,320.248
118225,138868,9298,-0.029,1.026,0.042,-0.061,0.183,0.427,320.252
118225,138865,11222,-0.028,1.022,0.046,-0.122,0.244,0.488,320.258
118228,138868,9298,-0.028,1.022,0.046,-0.122,0.244,0.488,320.262
118228,138873,11210,-0.029,1.023,0.045,-0.183,0.366,0.671,320.268
118214,138868,9298,-0.029,1.023,0.045,-0.183,0.366,0.671,320.272
118214,138842,11226,-0.025,1.023,0.043,-0.427,0.305,0.61,320.278
118211,138868,9298,-0.025,1.023,0.043,-0.427,0.305,0.61,320.281
118211,138855,11222,-0.031,1.025,0.045,-0.244,0.183,0.61,320.288
118225,138868,9298,-0.031,1.025,0.045,-0.244,0.183,0.61,320.291
118225,138863,11216,-0.027,1.028,0.047,0.061,0.183,0.793,320.298
118226,138868,9298,-0.027,1.028,0.047,0.061,0.183,0.793,320.301
118226,138862,11213,-0.031,1.028,0.042,-0.122,0.183,0.671,320.307
118226,138868,9298,-0.031,1.028,0.042,-0.122,0.183,0.671,320.311
118226,138869,11235,-0.031,1.028,0.043,-0.488,0.122,0.549,320.317
118247,138868,9298,-0.031,1.028,0.043,-0.488,0.122,0.549,320.321
118247,138845,11216,-0.028,1.029,0.046,-0.488,0.122,0.488,320.327
118218,138868,9298,-0.028,1.029,0.046,-0.488,0.122,0.488,320.331
118218,138867,11215,-0.03,1.03,0.043,-0.549,0.244,0.305,320.337
118233,138868,9298,-0.03,1.03,0.043,-0.549,0.244,0.305,320.341
118233,138890,11211,-0.028,1.023,0.046,-0.366,0.305,0.244,320.347
118255,138868,9298,-0.028,1.023,0.046,-0.366,0.305,0.244,320.351
118255,138874,11214,-0.031,1.028,0.046,-0.122,0.305,0.183,320.357
118243,138868,9298,-0.031,1.028,0.046,-0.122,0.305,0.183,320.361
118243,138858,11224,-0.029,1.027,0.046,-0.061,0.366,0.061,320.367
118239,138868,9298,-0.029,1.027,0.046,-0.061,0.366,0.061,320.371
118239,138872,11224,-0.029,1.028,0.049,-0.122,0.366,0,320.377
118255,138868,9298,-0.029,1.028,0.049,-0.122,0.366,0,320.38
118255,138869,11222,-0.03,1.026,0.05,-0.122,0.366,0,320.387
118242,138868,9298,-0.03,1.026,0.05,-0.122,0.366,0,320.39
118242,138875,11232,-0.03,1.026,0.051,-0.122,0.366,0,320.396
118229,138868,9298,-0.031,1.026,0.051,-0.061,0.61,0,320.4
118229,138871,11230,-0.031,1.023,0.051,-0.061,0.61,0,320.406
118253,138868,9298,-0.032,1.026,0.049,-0.244,0.61,0,320.41
118253,138865,11216,-0.031,1.027,0.049,-0.244,0.61,0,320.416
118239,138868,9298,-0.031,1.023,0.049,0,0.671,0.061,320.42
118239,138860,11233,-0.03,1.024,0.047,0,0.671,0.061,320.426
118239,138868,9298,-0.032,1.026,0.044,0.244,0.671,0.122,320.43
118239,138881,11228,-0.03,1.027,0.046,0.244,0.671,0.122,320.436
118255,138868,9298,-0.03,1.028,0.05,0.122,0.671,0.183,320.44
118255,138864,11230,-0.03,1.027,0.05,0.122,0.671,0.183,320.446
118245,138868,9298,-0.03,1.024,0.046,0,0.61,0.122,320.45
118245,138865,11215,-0.031,1.023,0.044,0,0.61,0.122,320.456
118254,138868,9298,-0.027,1.024,0.04,0.122,0.732,0.122,320.46
118254,138873,11227,-0.031,1.023,0.043,0.122,0.732,0.122,320.466
118255,138868,9298,-0.03,1.026,0.045,0.122,0.732,0.061,320.47
118255,138868,11238,-0.029,1.025,0.044,0.122,0.732,0.061,320.476
118251,138868,9298,-0.031,1.026,0.043,0.183,0.793,0.061,320.479
118251,138862,11216,-0.032,1.027,0.042,0.183,0.793,0.061,320.486
118265,138868,9298,-0.036,1.024,0.044,-0.061,0.793,0.061,320.489
118265,138865,11212,-0.035,1.024,0.04,-0.061,0.793,0.061,320.496
118237,138868,9298,-0.034,1.027,0.041,-0.244,0.732,0.122,320.499
118237,138886,11229,-0.034,1.024,0.044,-0.244,0.732,0.122,320.505
118254,138868,9298,-0.037,1.027,0.046,-0.366,0.427,0.305,320.509
118254,138852,11223,-0.034,1.027,0.047,-0.366,0.427,0.305,320.515
118232,138868,9298,-0.029,1.024,0.045,-0.488,0.061,0.488,320.519
118232,138845,11236,-0.031,1.029,0.042,-0.488,0.061,0.488,320.525
118236,138868,9298,-0.032,1.027,0.045,-0.427,0.061,0.488,320.529
118236,138866,11223,-0.032,1.027,0.046,-0.427,0.061,0.488,320.535
118249,138868,9298,-0.033,1.025,0.045,-0.244,0.244,0.488,320.539
118249,138846,11220,-0.034,1.025,0.044,-0.244,0.244,0.488,320.545
118255,138868,9298,-0.032,1.027,0.042,-0.305,0.244,0.488,320.549
118255,138865,11221,-0.033,1.025,0.045,-0.305,0.244,0.488,320.555
118252,138868,9298,-0.031,1.025,0.046,-0.244,0.122,0.549,320.559
118252,138854,11228,-0.031,1.027,0.045,-0.244,0.122,0.549,320.565
118236,138868,9298,-0.028,1.026,0.044,-0.183,0.061,0.488,320.569
118236,138851,11214,-0.029,1.024,0.049,-0.183,0.061,0.488,320.575
118221,138868,9298,-0.028,1.025,0.049,-0.366,0.122,0.61,320.578
118221,138868,11216,-0.03,1.026,0.048,-0.366,0.122,0.61,320.585
118243,138868,9298,-0.028,1.026,0.045,-0.488,0.244,0.61,320.588
118243,138843,11212,-0.029,1.026,0.044,-0.488,0.244,0.61,320.594
118205,138868,9298,-0.029,1.028,0.048,-0.427,0.305,0.549,320.598
118205,138850,11225,-0.028,1.027,0.046,-0.427,0.305,0.549,320.604
118242,138868,9298,-0.03,1.029,0.051,-0.427,0.244,0.488,320.608
118242,138842,11225,-0.029,1.029,0.051,-0.427,0.244,0.488,320.614
118231,138868,9298,-0.033,1.03,0.05,-0.549,0.244,0.488,320.618
118231,138832,11233,-0.031,1.029,0.048,-0.549,0.244,0.488,320.624
118239,138868,9298,-0.031,1.027,0.043,-0.305,0.305,0.488,320.628
118239,138851,11226,-0.03,1.026,0.049,-0.305,0.305,0.488,320.634
118230,138868,9298,-0.03,1.027,0.051,-0.183,0.366,0.427,320.638
118230,138831,11229,-0.032,1.025,0.048,-0.183,0.366,0.427,320.644
118228,138868,9298,-0.027,1.023,0.045,-0.183,0.244,0.366,320.648
118228,138850,11206,-0.027,1.025,0.045,-0.183,0.244,0.366,320.654
118202,138868,9298,-0.028,1.028,0.043,-0.183,0.366,0.305,320.658
118202,138822,11225,-0.029,1.025,0.046,-0.183,0.366,0.305,320.664
118195,138868,9298,-0.027,1.025,0.05,-0.061,0.671,0.244,320.668
118195,138825,11211,-0.029,1.028,0.047,-0.061,0.671,0.244,320.674
118171,138868,9298,-0.03,1.024,0.05,-0.061,0.671,0.244,320.677
118171,138798,11218,-0.03,1.025,0.046,-0.061,0.671,0.244,320.684
118155,138868,9298,-0.029,1.026,0.044,-0.244,0.671,0.305,320.687
118155,138793,11221,-0.029,1.027,0.046,-0.244,0.671,0.305,320.694
118170,138868,9298,-0.033,1.025,0.047,-0.122,0.671,0.366,320.697
118170,138798,11199,-0.032,1.027,0.048,-0.122,0.671,0.366,320.703
118145,138868,9298,-0.028,1.025,0.048,-0.061,0.671,0.305,320.707
118145,138776,11201,-0.03,1.024,0.046,-0.061,0.671,0.305,320.713
118154,138868,9298,-0.03,1.028,0.048,0.122,0.671,0.183,320.717
118154,138779,11196,-0.027,1.025,0.046,0.122,0.671,0.183,320.723
118133,138868,9298,-0.03,1.027,0.047,0.061,0.732,0.183,320.727
118133,138773,11212,-0.034,1.027,0.047,0.061,0.732,0.183,320.733
118155,138868,9298,-0.031,1.029,0.041,-0.183,0.793,0.183,320.737
118155,138796,11192,-0.03,1.027,0.048,-0.183,0.793,0.183,320.743
118132,138868,9298,-0.03,1.026,0.044,-0.122,0.732,0.183,320.747
118132,138807,11200,-0.032,1.025,0.048,-0.122,0.732,0.183,320.753
118138,138868,9298,-0.033,1.023,0.045,-0.122,0.671,0.183,320.757
118138,138812,11213,-0.031,1.026,0.044,-0.122,0.671,0.183,320.763
118151,138868,9298,-0.031,1.027,0.043,-0.183,0.61,0.183,320.767
118151,138796,11205,-0.03,1.026,0.04,-0.183,0.61,0.183,320.773
118168,138868,9298,-0.031,1.028,0.044,-0.244,0.549,0.244,320.776
118168,138792,11201,-0.034,1.029,0.043,-0.244,0.549,0.244,320.783
118182,138868,9298,-0.032,1.025,0.044,-0.427,0.427,0.305,320.786
118182,138793,11193,-0.034,1.024,0.045,-0.427,0.427,0.305,320.793
118161,138868,9298,-0.032,1.029,0.042,-0.427,0.366,0.305,320.796
118161,138796,11200,-0.03,1.027,0.046,-0.427,0.366,0.305,320.802
118163,138868,9298,-0.031,1.025,0.045,-0.427,0.305,0.244,320.806
118163,138804,11194,-0.031,1.025,0.041,-0.427,0.305,0.244,320.812
118161,138868,9298,-0.031,1.024,0.046,-0.427,0.305,0.427,320.816
118161,138811,11218,-0.03,1.023,0.039,-0.427,0.305,0.427,320.822
118207,138868,9298,-0.031,1.028,0.044,-0.366,0.305,0.427,320.826
118207,138830,11205,-0.031,1.026,0.048,-0.366,0.305,0.427,320.832
118189,138868,9298,-0.033,1.028,0.048,-0.366,0.305,0.366,320.836
118189,138820,11209,-0.033,1.027,0.044,-0.366,0.305,0.366,320.842
118188,138868,9298,-0.033,1.027,0.044,-0.366,0.305,0.366,320.846
118188,138824,11203,-0.035,1.024,0.046,-0.488,0.305,0.366,320.852
118192,138868,9298,-0.035,1.024,0.046,-0.488,0.305,0.366,320.856
118192,138832,11210,-0.033,1.026,0.043,-0.61,0.305,0.427,320.862
118192,138868,9298,-0.033,1.026,0.043,-0.61,0.305,0.427,320.866
118192,138811,11194,-0.035,1.026,0.046,-0.61,0.122,0.549,320.872
118188,138868,9298,-0.035,1.026,0.046,-0.61,0.122,0.549,320.875
118188,138833,11210,-0.028,1.029,0.045,-0.671,0.061,0.488,320.882
118193,138868,9298,-0.028,1.029,0.045,-0.671,0.061,0.488,320.885
118193,138808,11202,-0.032,1.028,0.044,-0.427,0.061,0.427,320.891
118199,138868,9298,-0.032,1.028,0.044,-0.427,0.061,0.427,320.895
118199,138837,11210,-0.03,1.027,0.044,-0.366,0.183,0.366,320.901
118207,138868,9298,-0.03,1.027,0.044,-0.366,0.183,0.366,320.905
118207,138822,11218,-0.03,1.028,0.045,-0.427,0.244,0.488,320.911
118193,138868,9298,-0.03,1.028,0.045,-0.427,0.244,0.488,320.915
118193,138825,11214,-0.027,1.026,0.046,-0.61,0.305,0.366,320.921
118206,138868,9298,-0.027,1.026,0.046,-0.61,0.305,0.366,320.925
118206,138810,11203,-0.031,1.022,0.052,-0.244,0.183,0.366,320.931
118177,138868,9298,-0.031,1.022,0.052,-0.244,0.183,0.366,320.935
118177,138809,11207,-0.029,1.028,0.049,-0.122,0.305,0.366,320.941
118192,138868,9298,-0.029,1.028,0.049,-0.122,0.305,0.366,320.945
118192,138810,11210,-0.028,1.026,0.053,-0.183,0.488,0.366,320.951
118192,138868,9298,-0.028,1.026,0.053,-0.183,0.488,0.366,320.955
118192,138819,11191,-0.033,1.028,0.05,-0.061,0.549,0.244,320.961
118185,138868,9298,-0.033,1.028,0.05,-0.061,0.549,0.244,320.965
118185,138802,11212,-0.028,1.028,0.047,-0.061,0.549,0.244,320.971
118181,138868,9298,-0.028,1.028,0.047,-0.061,0.549,0.244,320.974
118181,138818,11205,-0.033,1.024,0.047,0.061,0.549,0.244,320.981
118160,138868,9298,-0.033,1.024,0.047,0.061,0.549,0.244,320.984
118160,138807,11213,-0.032,1.026,0.05,-0.183,0.732,0.305,320.991
118165,138868,9298,-0.033,1.026,0.044,-0.183,0.732,0.305,320.994
118165,138818,11203,-0.034,1.024,0.045,-0.122,0.671,0.244,321
118170,138868,9298,-0.031,1.023,0.046,-0.122,0.671,0.244,321.004
118170,138797,11205,-0.033,1.025,0.044,0.183,0.61,0.366,321.01
118166,138868,9298,-0.03,1.023,0.042,0.183,0.61,0.366,321.014
118166,138796,11208,-0.028,1.023,0.045,0.183,0.61,0.366,321.02
118197,138868,9298,-0.031,1.025,0.044,0.183,0.61,0.366,321.024
118197,138799,11202,-0.033,1.029,0.042,0.183,0.61,0.427,321.03
118181,138868,9298,-0.031,1.029,0.045,0.183,0.61,0.427,321.034
118181,138801,11207,-0.031,1.025,0.043,0.244,0.549,0.366,321.04
118175,138868,9298,-0.03,1.025,0.041,0.244,0.549,0.366,321.044
118175,138813,11206,-0.031,1.026,0.044,0,0.488,0.427,321.05
118183,138868,9298,-0.031,1.028,0.042,0,0.488,0.427,321.054
118183,138811,11204,-0.029,1.024,0.044,-0.305,0.427,0.61,321.06
118182,138868,9298,-0.03,1.024,0.041,-0.305,0.427,0.61,321.064
118182,138793,11209,-0.03,1.024,0.044,-0.427,0.305,0.61,321.07
118188,138868,9298,-0.028,1.024,0.043,-0.427,0.305,0.61,321.073
118188,138806,11201,-0.03,1.027,0.043,-0.427,0.244,0.549,321.08
118188,138868,9298,-0.029,1.031,0.044,-0.427,0.244,0.549,321.083
118188,138806,11205,-0.026,1.03,0.042,-0.244,0.183,0.488,321.089
118161,138868,9298,-0.029,1.03,0.043,-0.244,0.183,0.488,321.093
118161,138801,11196,-0.031,1.029,0.047,-0.305,0.244,0.244,321.099
118191,138868,9298,-0.031,1.03,0.044,-0.305,0.244,0.244,321.103
118191,138798,11211,-0.032,1.029,0.046,-0.488,0.305,0.061,321.109
118195,138868,9298,-0.033,1.025,0.047,-0.488,0.305,0.061,321.113
118195,138803,11197,-0.034,1.027,0.048,-0.732,0.305,0.244,321.119
118218,138868,9298,-0.03,1.026,0.05,-0.732,0.305,0.244,321.123
118218,138792,11203,-0.03,1.027,0.049,-0.61,0.305,0.122,321.129
118199,138868,9298,-0.03,1.022,0.051,-0.61,0.305,0.122,321.133
118199,138808,11206,-0.029,1.024,0.048,-0.183,0.366,-0.061,321.139
118225,138868,9298,-0.03,1.024,0.047,-0.183,0.366,-0.061,321.143
118225,138813,11210,-0.029,1.025,0.049,0,0.427,-0.122,321.149
118203,138868,9298,-0.031,1.021,0.05,0,0.427,-0.122,321.153
118203,138806,11207,-0.032,1.022,0.046,0.061,0.549,0,321.159
118196,138868,9298,-0.032,1.026,0.049,0.061,0.549,0,321.163
118196,138809,11216,-0.031,1.028,0.047,0.244,0.488,0.061,321.169
118210,138868,9298,-0.031,1.027,0.049,0.244,0.488,0.061,321.172
118210,138796,11201,-0.028,1.029,0.052,0.183,0.549,0.061,321.179
118209,138868,9298,-0.028,1.026,0.05,0.183,0.549,0.061,321.182
118209,138813,11207,-0.031,1.028,0.05,-0.183,0.61,0.122,321.188
118214,138868,9298,-0.031,1.026,0.047,-0.183,0.61,0.122,321.192
118214,138832,11204,-0.031,1.025,0.044,-0.549,0.793,0.183,321.198
118216,138868,9298,-0.033,1.025,0.043,-0.549,0.793,0.183,321.202
118216,138820,11215,-0.036,1.02,0.044,-0.244,0.732,0.122,321.208
118215,138868,9298,-0.034,1.024,0.042,-0.244,0.732,0.122,321.212
118215,138796,11202,-0.036,1.024,0.044,0.183,0.549,0.183,321.218
118208,138868,9298,-0.034,1.025,0.045,0.183,0.549,0.183,321.222
118208,138821,11204,-0.032,1.027,0.045,0.549,0.488,0.122,321.228
118212,138868,9298,-0.031,1.027,0.042,0.549,0.488,0.122,321.232
118212,138835,11200,-0.033,1.032,0.045,0.244,0.549,0.183,321.238
118210,138868,9298,-0.028,1.031,0.046,0.244,0.549,0.183,321.242
118210,138829,11206,-0.031,1.03,0.042,-0.305,0.61,0.244,321.248
118209,138868,9298,-0.033,1.025,0.043,-0.305,0.61,0.244,321.252
118209,138809,11199,-0.034,1.026,0.043,-0.488,0.61,0.244,321.258
118210,138868,9298,-0.034,1.026,0.044,-0.488,0.61,0.244,321.262
118210,138809,11205,-0.035,1.022,0.043,-0.61,0.366,0.305,321.268
118217,138868,9298,-0.034,1.022,0.042,-0.61,0.366,0.305,321.271
118217,138806,11216,-0.034,1.024,0.043,-0.366,0.366,0.427,321.278
118212,138868,9298,-0.032,1.023,0.046,-0.366,0.366,0.427,321.281
118212,138829,11205,-0.033,1.024,0.043,-0.122,0.244,0.427,321.287
118213,138868,9298,-0.033,1.026,0.043,-0.122,0.244,0.427,321.291
118213,138808,11208,-0.033,1.026,0.045,-0.183,0.183,0.427,321.297
118218,138868,9298,-0.032,1.027,0.044,-0.183,0.183,0.427,321.301
118218,138801,11219,-0.033,1.027,0.047,-0.305,0.183,0.549,321.307
118210,138868,9298,-0.034,1.029,0.044,-0.305,0.183,0.549,321.311
118210,138819,11227,-0.032,1.029,0.042,-0.244,0.061,0.61,321.317
118200,138868,9298,-0.03,1.027,0.044,-0.244,0.061,0.61,321.321
118200,138796,11211,-0.031,1.03,0.046,-0.427,0.061,0.671,321.327
