120367,143476,9298,-0.122,1.019,-0.045,-0.427,-3.72,1.22,74.907
120367,143558,10890,-0.117,1.023,-0.028,1.341,-1.89,0.793,74.913
120363,143476,9298,-0.115,1.025,-0.034,1.341,-1.89,0.793,74.917
120363,143556,10907,-0.119,1.03,-0.063,0.732,1.098,0.671,74.923
120407,143476,9298,-0.122,1.028,-0.092,0.732,1.098,0.671,74.927
120407,143572,10901,-0.129,1.022,-0.103,-0.976,3.537,-0.061,74.933
120393,143476,9298,-0.139,1.016,-0.108,-0.976,3.537,-0.061,74.937
120393,143545,10895,-0.145,1.009,-0.109,0.122,4.146,-0.61,74.943
120407,143476,9298,-0.149,1.008,-0.117,0.122,4.146,-0.61,74.946
120407,143542,10889,-0.155,1.007,-0.131,0.122,2.805,-0.061,74.953
120381,143476,9298,-0.155,1.008,-0.138,0.122,2.805,-0.061,74.956
120381,143557,10902,-0.153,1.012,-0.134,-0.915,0.366,0.122,74.963
120392,143476,9298,-0.149,1.013,-0.126,-0.915,0.366,0.122,74.966
120392,143539,10887,-0.149,1.013,-0.114,-0.305,-1.707,0.366,74.972
120394,143476,9298,-0.148,1.02,-0.104,-0.305,-1.707,0.366,74.976
120394,143550,10878,-0.144,1.027,-0.094,-1.463,-2.439,0.976,74.982
120361,143476,9298,-0.139,1.024,-0.079,-1.463,-2.439,0.976,74.986
120361,143565,10906,-0.138,1.025,-0.06,-2.683,-2.073,1.159,74.992
120366,143476,9298,-0.138,1.014,-0.037,-2.683,-2.073,1.159,74.996
120366,143537,10885,-0.134,1.005,-0.033,-1.768,-1.402,1.037,75.002
120370,143476,9298,-0.128,1,-0.039,-1.768,-1.402,1.037,75.006
120370,143560,10889,-0.12,1.003,-0.048,-1.341,-0.61,0.793,75.012
120370,143476,9298,-0.12,1.006,-0.052,-1.341,-0.61,0.793,75.016
120370,143547,10891,-0.121,1.01,-0.059,-0.244,0.915,0.244,75.022
120378,143476,9298,-0.122,1.016,-0.069,-0.244,0.915,0.244,75.026
120378,143550,10884,-0.123,1.023,-0.087,2.134,2.744,-0.244,75.032
120378,143476,9298,-0.13,1.031,-0.105,2.134,2.744,-0.244,75.036
120378,143577,10905,-0.137,1.032,-0.122,1.707,4.268,-0.732,75.042
120400,143476,9298,-0.144,1.028,-0.135,1.707,4.268,-0.732,75.045
120400,143553,10908,-0.153,1.023,-0.14,0.488,4.329,-0.427,75.052
120396,143476,9298,-0.161,1.015,-0.138,0.488,4.329,-0.427,75.055
120396,143575,10899,-0.162,1.013,-0.122,-0.915,2.134,0.183,75.062
120411,143476,9298,-0.161,1.008,-0.111,-0.915,2.134,0.183,75.065
120411,143561,10896,-0.154,1.007,-0.099,-2.195,-1.341,0.671,75.071
120366,143476,9298,-0.146,1.005,-0.08,-2.195,-1.341,0.671,75.075
120366,143563,10900,-0.135,1.004,-0.07,-2.256,-3.537,0.915,75.081
120337,143476,9298,-0.127,1.007,-0.063,-2.256,-3.537,0.915,75.085
120337,143561,10907,-0.124,1.006,-0.054,-1.463,-2.988,1.098,75.091
120315,143476,9298,-0.118,1.009,-0.047,-1.463,-2.988,1.098,75.095
120315,143574,10891,-0.118,1.014,-0.045,0.061,-1.159,1.098,75.101
120306,143476,9298,-0.117,1.015,-0.061,0.061,-1.159,1.098,75.105
120306,143581,10898,-0.122,1.021,-0.079,1.159,1.463,0.549,75.111
120343,143476,9298,-0.129,1.031,-0.095,1.159,1.463,0.549,75.115
120343,143597,10897,-0.138,1.032,-0.101,0.366,3.537,-0.427,75.121
120371,143732,9298,-0.143,1.031,-0.092,0.366,3.537,-0.427,75.125
120371,143634,10898,-0.148,1.025,-0.087,2.012,3.354,-0.976,75.131
120385,143476,9298,-0.148,1.025,-0.087,2.012,3.354,-0.976,75.135
120385,143578,10908,-0.152,1.011,-0.114,1.524,2.012,-0.732,75.141
120452,143476,9298,-0.152,1.011,-0.114,1.524,2.012,-0.732,75.144
120452,143597,10913,-0.147,1.012,-0.134,-1.768,0.61,-0.183,75.151
120458,143476,9298,-0.147,1.012,-0.134,-1.768,0.61,-0.183,75.154
120458,143561,10899,-0.144,1.017,-0.101,-1.646,-0.366,0.427,75.161
120391,143476,9298,-0.144,1.017,-0.101,-1.646,-0.366,0.427,75.164
120391,143579,10885,-0.141,0.999,-0.089,-0.244,-1.098,0.915,75.17
120364,143476,9298,-0.141,0.999,-0.089,-0.244,-1.098,0.915,75.174
120364,143577,10900,-0.137,1.003,-0.096,-1.89,-1.341,1.22,75.18
120343,143476,9298,-0.137,1.003,-0.096,-1.89,-1.341,1.22,75.184
120343,143593,10911,-0.133,1.01,-0.064,-2.5,-1.098,1.402,75.19
120359,143476,9298,-0.133,1.01,-0.064,-2.5,-1.098,1.402,75.194
120359,143590,10895,-0.133,1.012,-0.035,-0.061,-0.732,1.28,75.2
120369,143476,9298,-0.133,1.012,-0.035,-0.061,-0.732,1.28,75.204
120369,143595,10912,-0.125,1.016,-0.045,1.585,-0.488,0.732,75.21
120404,143476,9298,-0.125,1.016,-0.045,1.585,-0.488,0.732,75.214
120404,143596,10910,-0.121,1.026,-0.098,0.915,1.159,0.244,75.22
120425,143476,9298,-0.121,1.026,-0.098,0.915,1.159,0.244,75.224
120425,143590,10908,-0.13,1.033,-0.104,0.366,3.415,-0.183,75.23
120423,143476,9298,-0.13,1.033,-0.104,0.366,3.415,-0.183,75.234
120423,143590,10907,-0.148,1.026,-0.119,0.305,3.902,-0.305,75.24
120405,143476,9298,-0.148,1.026,-0.119,0.305,3.902,-0.305,75.243
120405,143581,10914,-0.158,1.008,-0.142,-0.976,2.622,-0.244,75.25
120404,143476,9298,-0.158,1.008,-0.142,-0.976,2.622,-0.244,75.253
120404,143587,10900,-0.159,0.99,-0.102,-0.793,-0.122,0.183,75.26
120387,143476,9298,-0.159,0.99,-0.102,-0.793,-0.122,0.183,75.263
120387,143614,10902,-0.143,1.002,-0.077,0.488,-2.744,1.037,75.269
120333,143476,9298,-0.143,1.002,-0.077,0.488,-2.744,1.037,75.273
120333,143574,10904,-0.138,1.011,-0.068,0.488,-2.744,1.037,75.279
120347,143476,9298,-0.131,1.024,-0.063,0.366,-3.171,0.976,75.283
120347,143608,10886,-0.122,1.033,-0.068,0.366,-3.171,0.976,75.289
120342,143476,9298,-0.12,1.035,-0.074,0.183,-1.22,0.671,75.293
120342,143612,10895,-0.124,1.033,-0.067,0.183,-1.22,0.671,75.299
120341,143732,9298,-0.129,1.024,-0.052,-0.244,0.793,0.854,75.303
120341,143623,10898,-0.136,1.016,-0.044,-0.244,0.793,0.854,75.309
120362,143732,9298,-0.134,1.007,-0.053,-0.061,1.524,0.671,75.313
120362,143622,10902,-0.133,1.004,-0.078,-0.061,1.524,0.671,75.319
120407,143476,9298,-0.134,1.001,-0.097,-1.341,1.89,0,75.323
120407,143588,10900,-0.135,1.003,-0.103,-1.341,1.89,0,75.329
120406,143476,9298,-0.139,1.005,-0.11,-0.122,2.134,-0.305,75.333
120406,143597,10911,-0.139,1.01,-0.117,-0.122,2.134,-0.305,75.339
120419,143476,9298,-0.139,1.012,-0.127,1.89,2.195,0,75.342
120419,143590,10900,-0.144,1.016,-0.134,1.89,2.195,0,75.349
120360,143476,9298,-0.145,1.026,-0.143,1.585,1.646,0.427,75.352
120360,143594,10911,-0.151,1.03,-0.14,1.585,1.646,0.427,75.358
120374,143476,9298,-0.156,1.031,-0.121,-0.366,0.61,0.671,75.362
120374,143582,10911,-0.156,1.027,-0.106,-0.366,0.61,0.671,75.368
120364,143476,9298,-0.154,1.023,-0.082,-2.134,-1.159,0.732,75.372
120364,143601,10900,-0.148,1.014,-0.062,-2.134,-1.159,0.732,75.378
120350,143732,9298,-0.142,1.008,-0.052,-2.561,-2.927,0.854,75.382
120350,143632,10902,-0.133,1.006,-0.05,-2.561,-2.927,0.854,75.388
120384,143732,9298,-0.126,1.005,-0.045,-2.195,-3.171,0.915,75.392
120384,143648,10909,-0.121,1.005,-0.037,-2.195,-3.171,0.915,75.398
120398,143732,9298,-0.118,1.009,-0.029,0.671,-1.463,0.671,75.402
120398,143617,10897,-0.118,1.014,-0.038,0.671,-1.463,0.671,75.408
120404,143476,9298,-0.119,1.021,-0.065,2.683,1.402,0.122,75.412
120404,143615,10910,-0.124,1.025,-0.095,2.683,1.402,0.122,75.418
120442,143476,9298,-0.128,1.027,-0.118,0.854,3.963,-0.61,75.422
120442,143600,10923,-0.136,1.024,-0.126,0.854,3.963,-0.61,75.428
120448,143732,9298,-0.146,1.022,-0.122,-0.488,4.634,-0.61,75.431
120448,143630,10914,-0.151,1.017,-0.118,-0.488,4.634,-0.61,75.438
120453,143732,9298,-0.157,1.009,-0.123,-1.037,2.561,0.122,75.441
120453,143628,10911,-0.154,1.003,-0.128,-1.037,2.561,0.122,75.448
120423,143476,9298,-0.148,0.999,-0.124,-1.646,-0.366,0.488,75.451
120423,143600,10920,-0.148,1.004,-0.108,-1.646,-0.366,0.488,75.457
120427,143732,9298,-0.141,1.01,-0.087,-0.915,-2.012,0.549,75.461
120427,143643,10912,-0.137,1.013,-0.068,-0.915,-2.012,0.549,75.467
120411,143476,9298,-0.131,1.022,-0.066,0.366,-1.768,1.037,75.471
120411,143601,10901,-0.132,1.029,-0.066,0.366,-1.768,1.037,75.477
120390,143732,9298,-0.131,1.03,-0.056,-0.793,-0.366,1.037,75.481
120390,143629,10901,-0.132,1.026,-0.045,-0.793,-0.366,1.037,75.487
120374,143732,9298,-0.133,1.019,-0.036,0,0.366,0.549,75.491
120374,143643,10903,-0.131,1.006,-0.04,0,0.366,0.549,75.497
120425,143732,9298,-0.13,1.003,-0.064,0.793,1.159,0.183,75.501
120425,143631,10907,-0.129,1.007,-0.087,0.793,1.159,0.183,75.507
120424,143732,9298,-0.131,1.015,-0.097,-0.427,2.134,-0.305,75.511
120424,143628,10906,-0.135,1.02,-0.097,-0.427,2.134,-0.305,75.517
120467,143476,9298,-0.136,1.018,-0.097,0.976,2.744,-0.549,75.521
120467,143607,10915,-0.142,1.016,-0.1,0.976,2.744,-0.549,75.527
120461,143732,9298,-0.144,1.012,-0.11,1.89,2.683,-0.122,75.53
120461,143616,10903,-0.148,1.008,-0.123,1.89,2.683,-0.122,75.537
120449,143732,9298,-0.146,1.008,-0.134,0.305,1.585,0.244,75.54
120449,143616,10916,-0.147,1.006,-0.13,0.305,1.585,0.244,75.547
120410,143732,9298,-0.147,1.009,-0.122,-0.366,0.244,0.549,75.55
120410,143640,10910,-0.146,1.013,-0.123,-0.366,0.244,0.549,75.556
120418,143476,9298,-0.141,1.02,-0.126,-0.549,-0.671,0.793,75.56
120418,143615,10916,-0.139,1.026,-0.12,-0.549,-0.671,0.793,75.566
120425,143732,9298,-0.142,1.031,-0.116,-2.073,-1.28,0.915,75.57
120425,143628,10898,-0.143,1.028,-0.091,-2.073,-1.28,0.915,75.576
120411,143732,9298,-0.142,1.024,-0.065,-1.646,-1.585,1.159,75.58
120411,143643,10907,-0.145,1.021,-0.037,-1.646,-1.585,1.159,75.586
120413,143732,9298,-0.139,1.014,-0.02,-0.61,-1.951,1.22,75.59
120413,143640,10912,-0.132,1.006,-0.026,-0.61,-1.951,1.22,75.596
120443,143732,9298,-0.122,1.003,-0.05,-0.122,-1.829,0.427,75.6
120443,143643,10912,-0.118,1.008,-0.074,-0.122,-1.829,0.427,75.606
120460,143732,9298,-0.12,1.013,-0.084,-0.305,0.183,-0.305,75.61
120460,143643,10905,-0.127,1.019,-0.081,-0.305,0.183,-0.305,75.616
120480,143732,9298,-0.132,1.025,-0.084,1.646,2.5,-0.549,75.62
120480,143634,10922,-0.137,1.024,-0.099,1.646,2.5,-0.549,75.626
120493,143732,9298,-0.142,1.018,-0.125,1.098,3.476,-0.427,75.63
120493,143620,10908,-0.149,1.016,-0.142,1.098,3.476,-0.427,75.636
120464,143732,9298,-0.151,1.007,-0.139,-0.854,2.439,-0.183,75.639
120464,143630,10920,-0.154,1.001,-0.117,-0.854,2.439,-0.183,75.646
120446,143732,9298,-0.155,0.997,-0.094,-0.61,-0.427,0.549,75.649
120446,143619,10908,-0.148,0.997,-0.076,-0.61,-0.427,0.549,75.655
120440,143732,9298,-0.141,1,-0.074,0.061,-2.988,1.28,75.659
120440,143673,10922,-0.129,1.011,-0.086,0.061,-2.988,1.28,75.665
120415,143732,9298,-0.12,1.023,-0.09,-1.098,-2.927,0.976,75.669
120415,143657,10910,-0.122,1.033,-0.086,-1.098,-2.927,0.976,75.675
120390,143732,9298,-0.126,1.034,-0.073,-0.793,-0.244,0.732,75.679
120390,143698,10905,-0.13,1.034,-0.061,-0.793,-0.244,0.732,75.685
120444,143732,9298,-0.135,1.027,-0.059,0.244,1.768,0.732,75.689
120444,143672,10909,-0.142,1.018,-0.056,0.244,1.768,0.732,75.695
120482,143732,9298,-0.141,1.007,-0.058,-0.244,1.89,0.366,75.699
120482,143664,10929,-0.145,1.005,-0.066,-0.244,1.89,0.366,75.705
120517,143732,9298,-0.145,1.003,-0.081,-0.122,1.524,0,75.709
120517,143654,10900,-0.137,1.008,-0.091,-0.122,1.524,0,75.715
120511,143732,9298,-0.137,1.008,-0.091,-0.122,1.524,0,75.719
120511,143641,10934,-0.134,1.016,-0.106,0.671,1.22,-0.366,75.725
120527,143732,9298,-0.134,1.016,-0.106,0.671,1.22,-0.366,75.728
120527,143636,10931,-0.138,1.03,-0.117,1.22,1.402,-0.366,75.735
120469,143732,9298,-0.138,1.03,-0.117,1.22,1.402,-0.366,75.738
120469,143639,10917,-0.145,1.031,-0.119,0.732,1.707,0,75.745
120452,143732,9298,-0.145,1.031,-0.119,0.732,1.707,0,75.748
120452,143649,10912,-0.146,1.007,-0.11,-0.305,1.037,0.061,75.754
120419,143732,9298,-0.146,1.007,-0.11,-0.305,1.037,0.061,75.758
120419,143641,10917,-0.144,1,-0.107,-1.402,-0.183,0.183,75.764
120378,143732,9298,-0.144,1,-0.107,-1.402,-0.183,0.183,75.768
120378,143672,10917,-0.141,1.004,-0.075,-2.561,-1.159,0.488,75.774
120415,143732,9298,-0.141,1.004,-0.075,-2.561,-1.159,0.488,75.778
120415,143651,10908,-0.134,1.006,-0.036,-1.341,-1.585,0.976,75.784
120452,143732,9298,-0.134,1.006,-0.036,-1.341,-1.585,0.976,75.788
120452,143678,10924,-0.12,1.015,-0.068,0.732,-1.524,0.854,75.794
120448,143732,9298,-0.12,1.015,-0.068,0.732,-1.524,0.854,75.798
120448,143665,10926,-0.124,1.023,-0.076,-0.244,0.244,0.61,75.804
120470,143732,9298,-0.124,1.023,-0.076,-0.244,0.244,0.61,75.808
120470,143647,10898,-0.133,1.024,-0.083,0.427,2.317,0.488,75.814
120488,143732,9298,-0.133,1.024,-0.083,0.427,2.317,0.488,75.818
120488,143668,10933,-0.143,1.023,-0.119,0.427,3.11,0.183,75.824
120491,143732,9298,-0.143,1.023,-0.119,0.427,3.11,0.183,75.827
120491,143634,10923,-0.148,1.015,-0.124,-1.402,2.622,-0.122,75.834
120493,143732,9298,-0.148,1.015,-0.124,-1.402,2.622,-0.122,75.837
120493,143654,10922,-0.15,1.007,-0.085,-1.463,1.341,0.183,75.844
120478,143732,9298,-0.15,1.007,-0.085,-1.463,1.341,0.183,75.847
120478,143701,10917,-0.144,1.007,-0.096,0.122,-0.732,0.549,75.853
120449,143732,9298,-0.144,1.007,-0.096,0.122,-0.732,0.549,75.857
120449,143670,10922,-0.137,1.016,-0.101,-0.915,-1.585,0.183,75.863
120398,143732,9298,-0.135,1.021,-0.095,-0.915,-1.585,0.183,75.867
120398,143673,10904,-0.131,1.021,-0.076,-0.244,-1.098,-0.061,75.873
120417,143732,9298,-0.133,1.016,-0.061,-0.244,-1.098,-0.061,75.877
120417,143687,10909,-0.133,1.014,-0.06,1.585,0,0.488,75.883
120470,143732,9298,-0.135,1.014,-0.07,1.585,0,0.488,75.887
120470,143673,10925,-0.135,1.016,-0.075,-0.366,0.854,0.61,75.893
120469,143732,9298,-0.136,1.01,-0.074,-0.366,0.854,0.61,75.897
120469,143668,10938,-0.134,1.011,-0.079,-0.549,1.159,0.061,75.903
120499,143732,9298,-0.131,1.01,-0.093,-0.549,1.159,0.061,75.907
120499,143669,10917,-0.132,1.01,-0.107,-0.366,1.341,0.061,75.913
120515,143732,9298,-0.139,1.01,-0.12,-0.366,1.341,0.061,75.917
120515,143673,10931,-0.14,1.014,-0.123,-0.671,1.646,0.244,75.923
120509,143732,9298,-0.144,1.013,-0.113,-0.671,1.646,0.244,75.926
120509,143664,10917,-0.152,1.02,-0.104,-0.366,1.341,0.61,75.933
120455,143732,9298,-0.154,1.018,-0.088,-0.366,1.341,0.61,75.936
120455,143650,10907,-0.152,1.013,-0.084,0.061,-0.122,0.732,75.943
120472,143732,9298,-0.146,1.01,-0.089,0.061,-0.122,0.732,75.946
120472,143686,10919,-0.142,1.012,-0.09,-0.61,-1.402,0.793,75.952
120468,143732,9298,-0.137,1.015,-0.072,-0.61,-1.402,0.793,75.956
120468,143662,10916,-0.131,1.016,-0.052,-0.854,-1.89,0.854,75.962
120431,143732,9298,-0.126,1.019,-0.051,-0.854,-1.89,0.854,75.966
120431,143661,10923,-0.124,1.023,-0.078,0.549,-0.915,0.671,75.972
120437,143732,9298,-0.124,1.029,-0.103,0.549,-0.915,0.671,75.976
120437,143682,10908,-0.13,1.029,-0.107,-0.976,1.341,-0.122,75.982
120438,143732,9298,-0.135,1.029,-0.091,-0.976,1.341,-0.122,75.986
120438,143668,10928,-0.146,1.021,-0.072,0.244,2.5,-0.244,75.992
120426,143732,9298,-0.148,1.012,-0.076,0.244,2.5,-0.244,75.996
120426,143663,10913,-0.148,1.004,-0.098,0.549,1.768,0.183,76.002
120429,143732,9298,-0.146,0.997,-0.104,0.549,1.768,0.183,76.006
120429,143674,10922,-0.143,0.993,-0.099,-1.159,0.122,0.061,76.012
120476,143732,9298,-0.14,0.997,-0.093,-1.159,0.122,0.061,76.016
120476,143649,10918,-0.137,1.01,-0.088,-0.183,-0.671,0.427,76.022
120458,143732,9298,-0.132,1.017,-0.093,-0.183,-0.671,0.427,76.025
120458,143642,10924,-0.127,1.021,-0.101,0.183,-0.305,0.61,76.032
120473,143732,9298,-0.13,1.02,-0.104,0.183,-0.305,0.61,76.035
120473,143664,10920,-0.132,1.02,-0.098,0.244,0.854,0.427,76.041
120475,143732,9298,-0.139,1.025,-0.094,0.244,0.854,0.427,76.045
120475,143678,10928,-0.146,1.021,-0.088,-1.037,1.22,0.793,76.051
120442,143732,9298,-0.147,1.013,-0.077,-1.037,1.22,0.793,76.055
120442,143651,10924,-0.146,1.007,-0.072,-1.037,0.366,0.976,76.061
120429,143732,9298,-0.142,1.006,-0.079,-1.037,0.366,0.976,76.065
120429,143674,10910,-0.136,1.011,-0.082,-1.037,-0.488,0.61,76.071
120472,143732,9298,-0.135,1.009,-0.076,-1.037,-0.488,0.61,76.075
120472,143661,10927,-0.135,1.013,-0.059,0.305,-0.793,0.488,76.081
120468,143732,9298,-0.129,1.015,-0.057,0.305,-0.793,0.488,76.085
120468,143691,10919,-0.129,1.019,-0.074,1.341,0.183,0.61,76.091
120471,143732,9298,-0.13,1.026,-0.092,1.341,0.183,0.61,76.095
120471,143664,10937,-0.128,1.033,-0.099,-0.244,1.524,0,76.101
120490,143732,9298,-0.133,1.03,-0.101,-0.244,1.524,0,76.105
120490,143628,10931,-0.136,1.024,-0.103,0.244,2.378,-0.488,76.111
120506,143732,9298,-0.14,1.016,-0.113,0.244,2.378,-0.488,76.115
120506,143663,10911,-0.144,1.008,-0.121,0.427,2.195,-0.305,76.121
120483,143732,9298,-0.147,1.007,-0.126,0.427,2.195,-0.305,76.124
120483,143646,10909,-0.151,1.011,-0.108,-1.098,1.159,0,76.131
120472,143732,9298,-0.151,1.011,-0.087,-1.098,1.159,0,76.134
120472,143654,10912,-0.146,1.007,-0.074,0.061,-0.61,0.427,76.14
120448,143732,9298,-0.142,1.005,-0.077,0.061,-0.61,0.427,76.144
120448,143683,10929,-0.136,1.007,-0.076,0.549,-1.402,0.671,76.15
120457,143732,9298,-0.132,1.008,-0.074,0.549,-1.402,0.671,76.154
120457,143628,10916,-0.128,1.011,-0.066,-0.488,-0.915,0.549,76.16
120472,143732,9298,-0.131,1.019,-0.056,-0.488,-0.915,0.549,76.164
120472,143661,10907,-0.133,1.021,-0.055,-0.549,0.427,0.671,76.17
120490,143732,9298,-0.13,1.018,-0.061,-0.549,0.427,0.671,76.174
120490,143656,10919,-0.131,1.018,-0.072,-0.427,1.341,0.549,76.18
120529,143732,9298,-0.134,1.012,-0.09,-0.427,1.341,0.549,76.184
120529,143636,10935,-0.134,1.012,-0.105,0.122,2.012,0.061,76.19
120554,143732,9298,-0.137,1.011,-0.109,0.122,2.012,0.061,76.194
120554,143644,10932,-0.142,1.017,-0.11,0.427,2.317,-0.183,76.2
120560,143732,9298,-0.145,1.017,-0.1,0.427,2.317,-0.183,76.204
120560,143661,10917,-0.147,1.012,-0.099,1.402,1.402,0.061,76.21
120528,143732,9298,-0.146,1.012,-0.106,1.402,1.402,0.061,76.213
120528,143634,10935,-0.146,1.017,-0.114,1.341,0.549,0.305,76.22
120545,143732,9298,-0.146,1.027,-0.12,1.341,0.549,0.305,76.223
120545,143659,10935,-0.146,1.031,-0.105,-0.549,0.244,0,76.23
120523,143732,9298,-0.144,1.027,-0.086,-0.549,0.244,0,76.233
120523,143661,10941,-0.144,1.022,-0.083,0.427,-0.366,-0.183,76.239
120525,143732,9298,-0.138,1.014,-0.096,0.427,-0.366,-0.183,76.243
120525,143672,10936,-0.136,1.012,-0.101,-0.854,-0.488,0.244,76.249
120558,143732,9298,-0.14,1.013,-0.092,-0.854,-0.488,0.244,76.253
120558,143667,10930,-0.141,1.011,-0.083,-2.378,-0.122,0.366,76.259
120543,143732,9298,-0.138,1.007,-0.074,-2.378,-0.122,0.366,76.263
120543,143652,10933,-0.138,1.008,-0.07,-0.854,-0.183,0.427,76.269
120556,143732,9298,-0.136,1.009,-0.071,-0.854,-0.183,0.427,76.273
120556,143637,10944,-0.135,1.009,-0.069,-0.122,-0.61,0.305,76.279
120576,143732,9298,-0.131,1.016,-0.067,-0.122,-0.61,0.305,76.283
120576,143689,10931,-0.126,1.017,-0.063,0.549,-0.671,0.244,76.289
120568,143732,9298,-0.126,1.017,-0.063,0.549,-0.671,0.244,76.293
120568,143645,10949,-0.13,1.008,-0.077,1.402,0.427,0.061,76.299
120576,143732,9298,-0.13,1.008,-0.077,1.402,0.427,0.061,76.303
120576,143643,10941,-0.136,1.016,-0.113,-0.183,2.012,0.122,76.309
120576,143732,9298,-0.136,1.016,-0.113,-0.183,2.012,0.122,76.312
120576,143683,10937,-0.143,1.023,-0.13,-2.012,2.256,0.427,76.319
120592,143732,9298,-0.143,1.023,-0.13,-2.012,2.256,0.427,76.322
120592,143661,10932,-0.15,1.022,-0.118,-1.098,1.402,0.549,76.329
120556,143732,9298,-0.15,1.022,-0.118,-1.098,1.402,0.549,76.332
120556,143661,10939,-0.151,1.015,-0.092,-0.671,-0.671,0.732,76.338
120570,143732,9298,-0.151,1.015,-0.092,-0.671,-0.671,0.732,76.342
120570,143661,10933,-0.141,1.007,-0.078,-0.488,-1.951,0.854,76.348
120568,143732,9298,-0.141,1.007,-0.078,-0.488,-1.951,0.854,76.352
120568,143636,10923,-0.133,1.01,-0.061,-0.366,-1.829,0.549,76.358
120538,143732,9298,-0.133,1.01,-0.061,-0.366,-1.829,0.549,76.362
120538,143669,10929,-0.13,1.028,-0.045,0.244,-0.671,0.183,76.368
120536,143732,9298,-0.13,1.028,-0.045,0.244,-0.671,0.183,76.372
120536,143651,10927,-0.126,1.023,-0.086,0.244,0.854,-0.183,76.378
120556,143732,9298,-0.126,1.023,-0.086,0.244,0.854,-0.183,76.382
120556,143657,10938,-0.132,1.005,-0.079,0.244,1.829,-0.122,76.388
120587,143732,9298,-0.132,1.005,-0.079,0.244,1.829,-0.122,76.392
120587,143640,10937,-0.139,1.003,-0.093,0.183,1.829,0.488,76.398
120613,143732,9298,-0.139,1.003,-0.093,0.183,1.829,0.488,76.402
120613,143664,10945,-0.148,1.005,-0.082,0.122,1.402,0.549,76.408
120562,143732,9298,-0.148,1.005,-0.082,0.122,1.402,0.549,76.411
120562,143632,10931,-0.138,1.011,-0.089,1.829,0.366,0.061,76.418
120534,143732,9298,-0.138,1.011,-0.089,1.829,0.366,0.061,76.421
120534,143639,10936,-0.136,1.022,-0.134,0.488,0.671,0.122,76.428
120533,143732,9298,-0.136,1.022,-0.134,0.488,0.671,0.122,76.431
120533,143653,10932,-0.138,1.033,-0.124,0.488,0.671,0.122,76.437
120495,143732,9298,-0.143,1.038,-0.104,-0.122,1.159,0.488,76.441
120495,143657,10911,-0.146,1.035,-0.102,-0.122,1.159,0.488,76.447
120513,143732,9298,-0.148,1.028,-0.114,-0.61,0.915,0.549,76.451
120513,143643,10937,-0.149,1.02,-0.122,-0.61,0.915,0.549,76.457
120534,143732,9298,-0.147,1.011,-0.112,-3.293,-0.061,0.549,76.461
120534,143667,10930,-0.148,1.005,-0.087,-3.293,-0.061,0.549,76.467
120556,143732,9298,-0.147,1.004,-0.064,-1.646,-1.707,0.671,76.471
120556,143661,10950,-0.144,1.006,-0.045,-1.646,-1.707,0.671,76.477
120552,143732,9298,-0.135,1.009,-0.036,0.549,-2.317,0.488,76.481
120552,143665,10935,-0.121,1.007,-0.043,0.549,-2.317,0.488,76.487
120549,143732,9298,-0.115,1.011,-0.057,1.28,-1.585,-0.122,76.491
120549,143638,10929,-0.116,1.018,-0.068,1.28,-1.585,-0.122,76.497
120566,143732,9298,-0.121,1.023,-0.072,0.854,0.915,-0.122,76.501
120566,143651,10951,-0.123,1.026,-0.078,0.854,0.915,-0.122,76.507
120552,143732,9298,-0.129,1.022,-0.095,0.305,2.683,0.183,76.51
120552,143670,10939,-0.138,1.013,-0.103,0.305,2.683,0.183,76.517
120540,143732,9298,-0.144,1.009,-0.111,0.366,2.866,0.061,76.52
120540,143630,10943,-0.146,1.004,-0.111,0.366,2.866,0.061,76.526
120585,143732,9298,-0.15,1.004,-0.115,-0.244,1.768,0.183,76.53
120585,143655,10932,-0.154,1.009,-0.109,-0.244,1.768,0.183,76.536
120558,143732,9298,-0.15,1.013,-0.104,-0.671,-0.122,0.61,76.54
120558,143625,10934,-0.149,1.014,-0.098,-0.671,-0.122,0.61,76.546
120567,143732,9298,-0.147,1.016,-0.09,0.061,-1.341,0.732,76.55
120567,143650,10930,-0.142,1.021,-0.078,0.061,-1.341,0.732,76.556
120528,143732,9298,-0.136,1.022,-0.074,0.183,-1.646,0.61,76.56
120528,143657,10952,-0.133,1.02,-0.082,0.183,-1.646,0.61,76.566
120533,143732,9298,-0.133,1.019,-0.084,-1.037,-0.549,0.671,76.57
120533,143642,10944,-0.133,1.017,-0.075,-1.037,-0.549,0.671,76.576
120551,143732,9298,-0.135,1.013,-0.077,-0.915,0.732,0.427,76.58
120551,143639,10930,-0.134,1.012,-0.089,-0.915,0.732,0.427,76.586
120595,143732,9298,-0.136,1.01,-0.103,-0.244,1.524,0.305,76.59
120595,143649,10942,-0.142,1.01,-0.11,-0.244,1.524,0.305,76.596
120621,143732,9298,-0.144,1.016,-0.11,-0.427,1.707,0.183,76.6
120621,143661,10948,-0.145,1.02,-0.1,-0.427,1.707,0.183,76.606
120610,143732,9298,-0.147,1.023,-0.09,-0.244,0.732,0.305,76.609
120610,143646,10951,-0.15,1.026,-0.083,-0.244,0.732,0.305,76.616
120602,143732,9298,-0.146,1.024,-0.064,-0.366,-0.976,0.427,76.619
120602,143653,10934,-0.138,1.012,-0.058,-0.366,-0.976,0.427,76.625
120587,143732,9298,-0.133,1.003,-0.074,-0.671,-1.89,0.366,76.629
120587,143662,10950,-0.131,1.005,-0.093,-0.671,-1.89,0.366,76.635
120566,143732,9298,-0.132,1.01,-0.087,-2.195,-0.793,0.488,76.639
120566,143661,10929,-0.128,1.015,-0.066,-2.195,-0.793,0.488,76.645
120574,143732,9298,-0.13,1.017,-0.064,-0.854,0.244,0.671,76.649
120574,143682,10917,-0.133,1.015,-0.09,-0.854,0.244,0.671,76.655
120573,143732,9298,-0.134,1.014,-0.111,0.549,1.463,0.366,76.659
120573,143670,10949,-0.136,1.013,-0.119,0.549,1.463,0.366,76.665
120597,143732,9298,-0.14,1.013,-0.115,-0.183,1.89,0,76.669
120597,143663,10952,-0.147,1.013,-0.101,-0.183,1.89,0,76.675
120583,143732,9298,-0.154,1.014,-0.098,0,1.159,0.366,76.679
120583,143662,10921,-0.154,1.011,-0.098,0,1.159,0.366,76.685
120588,143732,9298,-0.147,1.011,-0.105,-0.366,-0.244,0.549,76.689
120588,143643,10943,-0.143,1.012,-0.102,-0.366,-0.244,0.549,76.695
120586,143732,9298,-0.145,1.015,-0.092,-1.098,-1.098,0.549,76.699
120586,143680,10961,-0.142,1.016,-0.08,-1.098,-1.098,0.549,76.705
120638,143732,9298,-0.144,1.019,-0.068,-0.854,-0.976,1.159,76.708
120638,143670,10945,-0.139,1.02,-0.058,-0.854,-0.976,1.159,76.715
120613,143732,9298,-0.131,1.02,-0.06,-1.159,-0.915,1.098,76.718
120613,143678,10945,-0.13,1.018,-0.066,-1.159,-0.915,1.098,76.725
120627,143732,9298,-0.128,1.019,-0.064,-1.402,-0.305,0.793,76.728
120627,143654,10928,-0.126,1.019,-0.057,-1.402,-0.305,0.793,76.734
120608,143732,9298,-0.127,1.021,-0.045,0.061,0,0.305,76.738
120608,143631,10940,-0.129,1.018,-0.046,0.061,0,0.305,76.744
120550,143732,9298,-0.125,1.015,-0.064,2.195,0.305,-0.244,76.748
120550,143642,10943,-0.125,1.015,-0.093,2.195,0.305,-0.244,76.754
120515,143732,9298,-0.126,1.014,-0.117,1.646,1.768,-0.793,76.758
120515,143637,10944,-0.132,1.015,-0.129,1.646,1.768,-0.793,76.764
120523,143732,9298,-0.141,1.019,-0.135,0.549,3.232,-0.793,76.768
120523,143658,10917,-0.151,1.017,-0.142,0.549,3.232,-0.793,76.774
120528,143732,9298,-0.159,1.015,-0.152,0.427,3.232,-0.122,76.778
120528,143639,10940,-0.163,1.012,-0.156,0.427,3.232,-0.122,76.784
120570,143732,9298,-0.162,1.01,-0.143,-1.463,1.098,0.183,76.788
120570,143625,10930,-0.165,1.01,-0.112,-1.463,1.098,0.183,76.794
120601,143732,9298,-0.163,1.009,-0.08,-2.195,-2.317,0.915,76.798
120601,143633,10936,-0.152,1.01,-0.061,-2.195,-2.317,0.915,76.804
120609,143732,9298,-0.141,1.009,-0.046,-1.463,-4.634,1.402,76.807
120609,143630,10936,-0.13,1.009,-0.038,-1.463,-4.634,1.402,76.814
120593,143732,9298,-0.121,1.01,-0.019,-0.671,-4.207,1.159,76.817
120593,143625,10939,-0.113,1.006,-0.007,-0.671,-4.207,1.159,76.823
120601,143732,9298,-0.109,1.008,-0.018,0.61,-1.829,1.159,76.827
120601,143644,10934,-0.111,1.019,-0.039,0.61,-1.829,1.159,76.833
120545,143732,9298,-0.113,1.027,-0.068,0.122,1.707,0.732,76.837
120545,143664,10931,-0.12,1.029,-0.089,0.122,1.707,0.732,76.843
120560,143732,9298,-0.13,1.033,-0.107,0.183,4.512,-0.366,76.847
120560,143633,10930,-0.139,1.03,-0.129,0.183,4.512,-0.366,76.853
120580,143732,9298,-0.151,1.021,-0.14,0.305,5,-0.671,76.857
120580,143647,10935,-0.16,1.014,-0.132,0.305,5,-0.671,76.863
120609,143732,9298,-0.16,1.014,-0.132,0.305,5,-0.671,76.867
120609,143637,10949,-0.164,1.005,-0.113,-1.037,2.5,-0.183,76.873
120617,143732,9298,-0.164,1.005,-0.113,-1.037,2.5,-0.183,76.877
120617,143637,10945,-0.148,1.007,-0.118,-1.463,-1.524,0.671,76.883
120579,143476,9298,-0.148,1.007,-0.118,-1.463,-1.524,0.671,76.887
120579,143605,10936,-0.132,1.017,-0.089,-1.098,-3.415,0.854,76.893
120565,143732,9298,-0.132,1.017,-0.089,-1.098,-3.415,0.854,76.896
120565,143619,10920,-0.13,1.027,-0.038,0.671,-2.744,0.427,76.903
120584,143732,9298,-0.13,1.027,-0.038,0.671,-2.744,0.427,76.906
120584,143616,10924,-0.124,1.016,-0.035,1.341,-0.732,0.488,76.913
120612,143476,9298,-0.124,1.016,-0.035,1.341,-0.732,0.488,76.916
120612,143606,10923,-0.129,1.004,-0.047,-0.732,1.037,0.427,76.922
120582,143732,9298,-0.129,1.004,-0.047,-0.732,1.037,0.427,76.926
120582,143659,10934,-0.129,1,-0.069,-0.732,1.89,0.061,76.932
120619,143732,9298,-0.129,1,-0.069,-0.732,1.89,0.061,76.936
120619,143625,10936,-0.133,1.016,-0.107,0.793,2.378,-0.366,76.942
120650,143732,9298,-0.133,1.016,-0.107,0.793,2.378,-0.366,76.946
120650,143617,10930,-0.143,1.022,-0.127,1.22,2.927,-0.671,76.952
120649,143476,9298,-0.143,1.022,-0.127,1.22,2.927,-0.671,76.956
120649,143611,10956,-0.157,1.02,-0.141,1.829,3.11,-0.305,76.962
120646,143732,9298,-0.157,1.02,-0.141,1.829,3.11,-0.305,76.966
120646,143626,10957,-0.161,1.021,-0.121,0.366,1.829,0.427,76.972
120633,143476,9298,-0.161,1.021,-0.121,0.366,1.829,0.427,76.976
120633,143611,10944,-0.153,1.014,-0.098,-1.768,-0.793,1.22,76.982
120592,143732,9298,-0.153,1.014,-0.098,-1.768,-0.793,1.22,76.986
120592,143627,10941,-0.137,1.016,-0.063,-2.073,-3.049,1.098,76.992
120583,143476,9298,-0.137,1.016,-0.063,-2.073,-3.049,1.098,76.995
120583,143610,10933,-0.124,1.011,-0.027,-2.073,-3.476,0.671,77.002
120577,143732,9298,-0.124,1.011,-0.027,-2.073,-3.476,0.671,77.005
120577,143627,10946,-0.119,1.01,-0.039,-1.22,-2.012,0.854,77.012
120564,143732,9298,-0.114,1.012,-0.061,-1.22,-2.012,0.854,77.015
120564,143626,10934,-0.116,1.014,-0.078,-0.305,0.854,0.549,77.021
120551,143732,9298,-0.126,1.02,-0.077,-0.305,0.854,0.549,77.025
120551,143623,10950,-0.138,1.026,-0.069,1.829,3.476,-0.366,77.031
120611,143732,9298,-0.142,1.025,-0.073,1.829,3.476,-0.366,77.035
120611,143640,10940,-0.148,1.025,-0.095,2.195,3.659,-0.793,77.041
120657,143732,9298,-0.15,1.021,-0.12,2.195,3.659,-0.793,77.045
120657,143617,10949,-0.152,1.013,-0.121,-0.305,2.378,-0.671,77.051
120696,143732,9298,-0.156,1.008,-0.115,-0.305,2.378,-0.671,77.055
120696,143623,10945,-0.151,1.003,-0.113,-0.549,0.244,0.122,77.061
120716,143476,9298,-0.147,1,-0.117,-0.549,0.244,0.122,77.065
120716,143586,10940,-0.148,1.002,-0.123,-0.366,-1.585,0.854,77.071
120666,143476,9298,-0.14,1.012,-0.112,-0.366,-1.585,0.854,77.075
120666,143584,10941,-0.138,1.026,-0.09,-0.61,-2.561,0.732,77.081
120584,143476,9298,-0.131,1.029,-0.083,-0.61,-2.561,0.732,77.085
120584,143585,10943,-0.134,1.027,-0.089,-0.732,-2.134,0.671,77.091
120560,143732,9298,-0.138,1.024,-0.082,-0.732,-2.134,0.671,77.094
120560,143617,10930,-0.139,1.017,-0.057,-1.585,-0.61,0.976,77.101
120504,143732,9298,-0.137,1.012,-0.034,-1.585,-0.61,0.976,77.104
120504,143620,10937,-0.137,1.005,-0.032,-0.854,-0.61,0.854,77.11
120560,143732,9298,-0.134,1.002,-0.053,-0.854,-0.61,0.854,77.114
120560,143648,10936,-0.13,1.002,-0.081,-0.488,-0.183,0.732,77.12
120598,143732,9298,-0.128,1.007,-0.091,-0.488,-0.183,0.732,77.124
120598,143616,10942,-0.13,1.017,-0.081,0.854,1.22,-0.061,77.13
120669,143476,9298,-0.133,1.029,-0.073,0.854,1.22,-0.061,77.134
120669,143614,10952,-0.138,1.031,-0.082,2.988,2.012,-0.183,77.14
120666,143476,9298,-0.142,1.029,-0.106,2.988,2.012,-0.183,77.144
120666,143592,10966,-0.144,1.026,-0.136,1.22,2.439,0,77.15
120665,143476,9298,-0.15,1.024,-0.145,1.22,2.439,0,77.154
120665,143615,10950,-0.156,1.018,-0.135,-2.256,1.89,-0.122,77.16
120646,143476,9298,-0.157,1.013,-0.117,-2.256,1.89,-0.122,77.164
120646,143606,10951,-0.157,1.006,-0.104,-2.195,-0.427,0.671,77.17
120598,143732,9298,-0.155,1.001,-0.099,-2.195,-0.427,0.671,77.174
120598,143617,10932,-0.145,1.005,-0.096,-2.439,-2.988,0.976,77.18
120562,143732,9298,-0.137,1.005,-0.09,-2.439,-2.988,0.976,77.184
120562,143629,10927,-0.129,1.009,-0.074,-2.317,-3.78,0.793,77.19
120565,143476,9298,-0.127,1.015,-0.053,-2.317,-3.78,0.793,77.193
120565,143613,10933,-0.124,1.019,-0.036,0,-2.622,0.915,77.2
120578,143732,9298,-0.12,1.016,-0.035,0,-2.622,0.915,77.203
120578,143625,10929,-0.123,1.013,-0.052,0.732,-0.488,0.976,77.209
120599,143476,9298,-0.126,1.018,-0.068,0.732,-0.488,0.976,77.213
120599,143603,10926,-0.125,1.017,-0.066,0.366,1.341,0.366,77.219
120609,143732,9298,-0.129,1.022,-0.059,0.366,1.341,0.366,77.223
120609,143638,10956,-0.132,1.025,-0.066,0.915,2.256,-0.061,77.229
120671,143476,9298,-0.14,1.026,-0.073,0.915,2.256,-0.061,77.233
120671,143611,10955,-0.142,1.025,-0.077,0.915,2.378,-0.305,77.239
120651,143732,9298,-0.14,1.016,-0.094,0.915,2.378,-0.305,77.243
120651,143628,10953,-0.139,1.005,-0.109,0.488,1.829,-0.549,77.249
120666,143476,9298,-0.141,1.001,-0.125,0.488,1.829,-0.549,77.253
120666,143606,10943,-0.144,1.008,-0.133,-0.915,1.89,-0.061,77.259
120610,143732,9298,-0.146,1.017,-0.126,-0.915,1.89,-0.061,77.263
120610,143616,10944,-0.15,1.022,-0.121,-1.89,1.341,0.427,77.269
120589,143732,9298,-0.152,1.027,-0.109,-1.89,1.341,0.427,77.273
120589,143631,10955,-0.153,1.015,-0.094,-0.732,-0.122,0.427,77.279
120592,143732,9298,-0.149,1.009,-0.077,-0.732,-0.122,0.427,77.282
120592,143626,10953,-0.145,1.004,-0.061,-0.976,-2.134,0.671,77.289
120600,143732,9298,-0.136,1.002,-0.047,-0.976,-2.134,0.671,77.292
120600,143650,10950,-0.133,0.997,-0.045,-1.524,-2.5,1.098,77.299
120630,143732,9298,-0.124,1.005,-0.062,-1.524,-2.5,1.098,77.302
120630,143636,10951,-0.12,1.011,-0.083,-0.61,-0.61,0.793,77.308
120630,143476,9298,-0.12,1.021,-0.092,-0.61,-0.61,0.793,77.312
120630,143612,10948,-0.125,1.033,-0.09,1.037,1.951,0,77.318
120643,143732,9298,-0.131,1.041,-0.09,1.037,1.951,0,77.322
120643,143617,10962,-0.14,1.043,-0.102,1.829,3.293,-0.183,77.328
120671,143476,9298,-0.148,1.031,-0.111,1.829,3.293,-0.183,77.332
120671,143603,10951,-0.153,1.023,-0.115,-0.427,2.988,-0.061,77.338
120676,143732,9298,-0.158,1.015,-0.105,-0.427,2.988,-0.061,77.342
120676,143632,10958,-0.16,1.007,-0.09,-2.5,1.098,0.183,77.348
120667,143476,9298,-0.153,1,-0.077,-2.5,1.098,0.183,77.352
120667,143608,10941,-0.145,0.991,-0.072,-2.5,-1.707,0.854,77.358
120637,143476,9298,-0.138,0.994,-0.071,-2.5,-1.707,0.854,77.362
120637,143610,10947,-0.132,0.999,-0.069,-1.463,-2.683,0.915,77.368
120655,143732,9298,-0.126,1.004,-0.062,-1.463,-2.683,0.915,77.372
120655,143638,10949,-0.124,1.012,-0.059,-0.244,-1.524,0.671,77.378
120589,143732,9298,-0.124,1.013,-0.067,-0.244,-1.524,0.671,77.381
120589,143635,10921,-0.126,1.02,-0.085,1.098,1.037,0.671,77.388
120593,143732,9298,-0.131,1.028,-0.096,1.098,1.037,0.671,77.391
120593,143622,10945,-0.138,1.034,-0.094,-0.366,2.439,0.488,77.398
120625,143732,9298,-0.145,1.035,-0.083,-0.366,2.439,0.488,77.401
120625,143637,10944,-0.144,1.028,-0.089,0.061,1.524,0.366,77.407
120583,143732,9298,-0.143,1.02,-0.098,0.061,1.524,0.366,77.411
120583,143632,10944,-0.145,1.015,-0.105,-0.366,0.671,0.122,77.417
120623,143732,9298,-0.141,1.008,-0.103,-0.366,0.671,0.122,77.421
120623,143618,10951,-0.141,1.008,-0.101,-0.488,0.488,-0.061,77.427
120680,143476,9298,-0.14,1.011,-0.099,-0.488,0.488,-0.061,77.431
120680,143608,10951,-0.143,1.018,-0.102,-0.671,0.793,0.305,77.437
120655,143476,9298,-0.143,1.018,-0.102,-0.671,0.793,0.305,77.441
120655,143603,10946,-0.147,1.02,-0.084,-0.976,0.793,0.488,77.447
120645,143476,9298,-0.147,1.02,-0.084,-0.976,0.793,0.488,77.451
120645,143612,10946,-0.142,1.012,-0.049,-0.244,-0.244,0.488,77.457
120616,143476,9298,-0.142,1.012,-0.049,-0.244,-0.244,0.488,77.461
120616,143608,10948,-0.133,0.995,-0.065,-0.793,-1.098,0.61,77.467
120582,143732,9298,-0.133,0.995,-0.065,-0.793,-1.098,0.61,77.471
120582,143634,10945,-0.127,1.006,-0.058,-0.732,-0.732,0.549,77.477
120543,143732,9298,-0.127,1.006,-0.058,-0.732,-0.732,0.549,77.48
120543,143642,10922,-0.126,1.024,-0.077,1.037,0.549,0.244,77.487
120552,143732,9298,-0.126,1.024,-0.077,1.037,0.549,0.244,77.49
120552,143622,10949,-0.137,1.03,-0.104,1.646,2.073,-0.183,77.497
120557,143732,9298,-0.137,1.03,-0.104,1.646,2.073,-0.183,77.5
120557,143641,10934,-0.148,1.021,-0.117,0.427,2.5,-0.122,77.506
120551,143476,9298,-0.148,1.021,-0.117,0.427,2.5,-0.122,77.51
120551,143600,10936,-0.158,1.007,-0.12,-1.341,2.134,0.427,77.516
120579,143732,9298,-0.158,1.007,-0.12,-1.341,2.134,0.427,77.52
120579,143637,10940,-0.154,1.01,-0.106,-2.378,0.366,0.671,77.526
120653,143732,9298,-0.154,1.01,-0.106,-2.378,0.366,0.671,77.53
120653,143631,10942,-0.139,1.024,-0.081,-2.195,-1.585,0.793,77.536
120638,143732,9298,-0.139,1.024,-0.081,-2.195,-1.585,0.793,77.54
120638,143630,10952,-0.13,1.017,-0.047,-0.488,-2.134,0.61,77.546
120652,143732,9298,-0.13,1.017,-0.047,-0.488,-2.134,0.61,77.55
120652,143617,10939,-0.123,1.002,-0.038,1.098,-1.037,0.671,77.556
120608,143732,9298,-0.123,1.002,-0.038,1.098,-1.037,0.671,77.56
120608,143664,10927,-0.124,1.011,-0.05,0.183,1.098,0.732,77.566
120577,143732,9298,-0.124,1.011,-0.05,0.183,1.098,0.732,77.57
120577,143618,10936,-0.13,1.026,-0.084,0.732,2.683,0,77.576
120588,143732,9298,-0.13,1.026,-0.084,0.732,2.683,0,77.579
120588,143642,10927,-0.135,1.028,-0.115,0.732,2.683,0,77.586
120589,143732,9298,-0.14,1.023,-0.126,0.854,3.293,-0.793,77.589
120589,143655,10933,-0.147,1.02,-0.12,0.854,3.293,-0.793,77.595
120606,143732,9298,-0.154,1.015,-0.111,0.488,2.439,-0.244,77.599
120606,143660,10939,-0.158,1.009,-0.104,0.488,2.439,-0.244,77.605
120639,143732,9298,-0.155,1,-0.106,-0.427,0.61,0.671,77.609
120639,143647,10948,-0.156,1.004,-0.102,-0.427,0.61,0.671,77.615
120644,143732,9298,-0.147,1.007,-0.101,-2.073,-1.28,0.915,77.619
120644,143619,10946,-0.136,1.018,-0.095,-2.073,-1.28,0.915,77.625
120616,143476,9298,-0.133,1.026,-0.075,-1.28,-1.951,0.549,77.629
120616,143614,10955,-0.129,1.026,-0.059,-1.28,-1.951,0.549,77.635
120569,143732,9298,-0.126,1.027,-0.055,0.915,-0.854,0.366,77.639
120569,143634,10924,-0.125,1.026,-0.069,0.915,-0.854,0.366,77.645
120588,143732,9298,-0.126,1.019,-0.083,0.366,1.463,0.122,77.649
120588,143625,10942,-0.134,1.012,-0.083,0.366,1.463,0.122,77.655
120595,143732,9298,-0.14,1.007,-0.076,-0.305,2.927,-0.061,77.659
120595,143633,10952,-0.144,1.002,-0.075,-0.305,2.927,-0.061,77.665
120621,143732,9298,-0.146,1.001,-0.078,0.915,2.073,0.183,77.669
120621,143624,10936,-0.146,1.005,-0.09,0.915,2.073,0.183,77.675
120623,143732,9298,-0.144,1.009,-0.098,0.549,0.854,0,77.678
120623,143617,10935,-0.142,1.018,-0.095,0.549,0.854,0,77.685
120634,143732,9298,-0.14,1.021,-0.094,0.122,-0.061,0,77.688
120634,143651,10939,-0.139,1.027,-0.101,0.122,-0.061,0,77.694
120628,143732,9298,-0.139,1.028,-0.105,-1.098,-0.244,0.549,77.698
120628,143626,10938,-0.139,1.024,-0.11,-1.098,-0.244,0.549,77.704
120624,143732,9298,-0.138,1.024,-0.101,-2.805,0.122,0.915,77.708
120624,143647,10944,-0.14,1.021,-0.096,-2.805,0.122,0.915,77.714
120611,143732,9298,-0.143,1.016,-0.083,-3.354,0.122,1.037,77.718
120611,143620,10926,-0.14,1.012,-0.079,-3.354,0.122,1.037,77.724
120568,143476,9298,-0.141,1.004,-0.071,-2.195,-0.427,0.854,77.728
120568,143601,10936,-0.137,1.003,-0.058,-2.195,-0.427,0.854,77.734
120568,143476,9298,-0.131,1.001,-0.045,-0.122,-0.61,0.305,77.738
120568,143599,10929,-0.126,1.003,-0.039,-0.122,-0.61,0.305,77.744
120577,143732,9298,-0.129,1.012,-0.055,1.524,0.549,0.061,77.748
120577,143634,10945,-0.132,1.018,-0.079,1.524,0.549,0.061,77.754
120567,143476,9298,-0.132,1.027,-0.094,1.098,2.561,-0.061,77.758
120567,143603,10935,-0.137,1.032,-0.094,1.098,2.561,-0.061,77.764
120579,143732,9298,-0.142,1.026,-0.088,1.402,3.232,-0.305,77.768
120579,143642,10925,-0.144,1.02,-0.096,1.402,3.232,-0.305,77.774
120589,143732,9298,-0.15,1.017,-0.101,1.159,2.195,0.122,77.777
120589,143648,10936,-0.155,1.012,-0.094,1.159,2.195,0.122,77.784
120627,143732,9298,-0.151,1.011,-0.088,-0.793,0.427,0.488,77.787
120627,143635,10939,-0.143,1.007,-0.091,-0.793,0.427,0.488,77.793
120626,143732,9298,-0.136,1.003,-0.11,-1.037,-1.098,0.366,77.797
120626,143625,10945,-0.134,1.006,-0.115,-1.037,-1.098,0.366,77.803
120599,143476,9298,-0.134,1.011,-0.101,-0.671,-0.732,0.366,77.807
120599,143611,10933,-0.135,1.022,-0.082,-0.671,-0.732,0.366,77.813
120562,143732,9298,-0.135,1.031,-0.075,0.488,-0.427,0.427,77.817
120562,143619,10931,-0.138,1.028,-0.09,0.488,-0.427,0.427,77.823
120542,143476,9298,-0.138,1.024,-0.098,-0.671,0.488,0.244,77.827
120542,143613,10933,-0.142,1.015,-0.086,-0.671,0.488,0.244,77.833
120523,143732,9298,-0.142,1.005,-0.062,-0.671,0.671,0.244,77.837
120523,143632,10946,-0.145,1,-0.06,-0.671,0.671,0.244,77.843
120540,143732,9298,-0.143,1,-0.076,0.305,0.244,0.671,77.847
120540,143639,10933,-0.136,1.009,-0.093,0.305,0.244,0.671,77.853
120579,143732,9298,-0.135,1.015,-0.096,-0.549,0.549,0.427,77.857
120579,143636,10937,-0.138,1.026,-0.083,-0.549,0.549,0.427,77.863
120608,143732,9298,-0.138,1.03,-0.067,1.585,0.549,0.183,77.867
120608,143640,10935,-0.14,1.029,-0.076,1.585,0.549,0.183,77.873
120614,143732,9298,-0.141,1.023,-0.098,1.829,0.732,0.183,77.876
120614,143638,10913,-0.139,1.017,-0.119,1.829,0.732,0.183,77.883
120573,143732,9298,-0.138,1.011,-0.122,-2.256,0.732,0.244,77.886
120573,143627,10944,-0.142,1.008,-0.11,-2.256,0.732,0.244,77.892
120583,143732,9298,-0.145,1.009,-0.095,-1.89,0.305,0.793,77.896
120583,143647,10940,-0.146,1.013,-0.077,-1.89,0.305,0.793,77.902
120551,143732,9298,-0.143,1.018,-0.073,-1.463,-1.22,0.915,77.906
120551,143642,10930,-0.138,1.022,-0.078,-1.463,-1.22,0.915,77.912
120540,143732,9298,-0.134,1.016,-0.082,-1.037,-2.317,0.305,77.916
120540,143641,10932,-0.13,1.007,-0.072,-1.037,-2.317,0.305,77.922
120582,143732,9298,-0.128,1.007,-0.057,1.463,-1.341,0.122,77.926
120582,143637,10931,-0.128,1.011,-0.055,1.463,-1.341,0.122,77.932
120554,143732,9298,-0.13,1.016,-0.051,1.768,0.305,0.366,77.936
120554,143638,10941,-0.13,1.025,-0.068,1.768,0.305,0.366,77.942
120567,143732,9298,-0.132,1.031,-0.091,-0.244,1.829,0.061,77.946
120567,143618,10939,-0.135,1.034,-0.098,-0.244,1.829,0.061,77.952
120546,143732,9298,-0.139,1.027,-0.093,-1.037,2.744,-0.549,77.956
120546,143618,10942,-0.145,1.016,-0.089,-1.037,2.744,-0.549,77.962
120575,143732,9298,-0.148,1.002,-0.087,0.366,2.134,-0.183,77.965
120575,143619,10919,-0.148,0.99,-0.096,0.366,2.134,-0.183,77.972
120563,143732,9298,-0.149,0.99,-0.106,-0.061,1.037,0.549,77.975
120563,143640,10947,-0.146,1.003,-0.101,-0.061,1.037,0.549,77.982
120564,143732,9298,-0.148,1.018,-0.076,-1.341,0.061,0.793,77.985
120564,143629,10936,-0.143,1.027,-0.056,-1.341,0.061,0.793,77.991
120581,143732,9298,-0.137,1.03,-0.064,0.61,-1.098,0.549,77.995
120581,143630,10937,-0.13,1.025,-0.086,0.61,-1.098,0.549,78.001
120569,143732,9298,-0.127,1.02,-0.097,0.671,-0.61,0.183,78.005
120569,143637,10948,-0.132,1.014,-0.095,0.671,-0.61,0.183,78.011
120532,143732,9298,-0.132,1.014,-0.095,0.671,-0.61,0.183,78.015
120532,143629,10939,-0.139,1.02,-0.085,-0.305,1.159,0.427,78.021
120538,143732,9298,-0.139,1.02,-0.085,-0.305,1.159,0.427,78.025
120538,143659,10927,-0.146,1.024,-0.096,-1.159,2.134,0.61,78.031
120557,143732,9298,-0.146,1.024,-0.096,-1.159,2.134,0.61,78.035
120557,143625,10952,-0.147,1.012,-0.08,-1.159,1.463,0.122,78.041
120568,143732,9298,-0.147,1.012,-0.08,-1.159,1.463,0.122,78.045
120568,143651,10934,-0.141,1.003,-0.043,0.671,0.122,-0.183,78.051
120576,143476,9298,-0.141,1.003,-0.043,0.671,0.122,-0.183,78.055
120576,143610,10939,-0.132,1.007,-0.086,2.134,-0.488,0.183,78.061
120574,143732,9298,-0.132,1.007,-0.086,2.134,-0.488,0.183,78.064
120574,143618,10931,-0.126,1.023,-0.115,0.366,0.732,-0.183,78.071
120615,143732,9298,-0.126,1.023,-0.115,0.366,0.732,-0.183,78.074
120615,143638,10951,-0.139,1.032,-0.109,0.427,2.317,-0.488,78.081
120611,143732,9298,-0.139,1.032,-0.109,0.427,2.317,-0.488,78.084
120611,143650,10957,-0.154,1.014,-0.117,0.488,2.378,0.122,78.09
120575,143732,9298,-0.154,1.014,-0.117,0.488,2.378,0.122,78.094
120575,143654,10948,-0.157,0.994,-0.116,-1.22,0.915,0.366,78.1
120581,143732,9298,-0.157,0.994,-0.116,-1.22,0.915,0.366,78.104
120581,143641,10951,-0.151,0.998,-0.083,-2.561,-0.976,0.793,78.11
120559,143732,9298,-0.151,0.998,-0.083,-2.561,-0.976,0.793,78.114
120559,143646,10936,-0.143,1.015,-0.036,-1.098,-2.683,1.585,78.12
120571,143732,9298,-0.143,1.015,-0.036,-1.098,-2.683,1.585,78.124
120571,143622,10941,-0.124,1.026,-0.03,0.671,-3.293,1.22,78.13
120590,143476,9298,-0.124,1.026,-0.03,0.671,-3.293,1.22,78.134
120590,143604,10938,-0.114,1.028,-0.051,0.854,-2.195,0.732,78.14
120571,143732,9298,-0.114,1.028,-0.051,0.854,-2.195,0.732,78.144
120571,143628,10925,-0.121,1.03,-0.062,0.976,0.549,0.366,78.15
120571,143732,9298,-0.121,1.03,-0.062,0.976,0.549,0.366,78.154
120571,143622,10935,-0.126,1.03,-0.089,0.915,3.293,-0.305,78.16
120631,143732,9298,-0.13,1.023,-0.122,0.915,3.293,-0.305,78.163
120631,143621,10957,-0.145,1.017,-0.147,-0.488,4.817,-0.915,78.17
120635,143732,9298,-0.155,1.004,-0.152,-0.488,4.817,-0.915,78.173
120635,143616,10943,-0.163,0.991,-0.143,-0.183,3.841,-0.549,78.18
120600,143732,9298,-0.169,0.988,-0.136,-0.183,3.841,-0.549,78.183
120600,143634,10948,-0.168,0.995,-0.126,-0.793,0.732,0.793,78.189
120579,143732,9298,-0.164,1.008,-0.115,-0.793,0.732,0.793,78.193
120579,143621,10950,-0.158,1.019,-0.094,-3.049,-3.11,1.646,78.199
120592,143732,9298,-0.149,1.028,-0.076,-3.049,-3.11,1.646,78.203
120592,143620,10916,-0.137,1.028,-0.053,-1.524,-5,1.585,78.209
120577,143732,9298,-0.126,1.026,-0.038,-1.524,-5,1.585,78.213
120577,143640,10930,-0.122,1.027,-0.017,0,-4.207,1.28,78.219
120607,143732,9298,-0.12,1.022,-0.005,0,-4.207,1.28,78.223
120607,143617,10927,-0.116,1.011,-0.005,1.585,-1.585,0.915,78.229
120627,143476,9298,-0.116,1.009,-0.029,1.585,-1.585,0.915,78.233
120627,143614,10943,-0.118,1.012,-0.071,0.427,1.951,0.122,78.239
120647,143732,9298,-0.124,1.021,-0.094,0.427,1.951,0.122,78.243
120647,143633,10935,-0.127,1.026,-0.102,-1.28,4.268,-0.793,78.249
120669,143732,9298,-0.139,1.027,-0.1,-1.28,4.268,-0.793,78.253
120669,143623,10945,-0.146,1.022,-0.112,1.585,4.268,-0.915,78.259
120666,143732,9298,-0.149,1.011,-0.132,1.585,4.268,-0.915,78.262
120666,143627,10933,-0.151,1.003,-0.156,1.585,2.866,-0.488,78.269
120603,143732,9298,-0.156,1,-0.16,1.585,2.866,-0.488,78.272
120603,143638,10939,-0.159,1.004,-0.136,-0.732,1.037,0.366,78.278
120622,143732,9298,-0.16,1.011,-0.106,-0.732,1.037,0.366,78.282
120622,143636,10942,-0.159,1.016,-0.085,-1.768,-1.524,1.524,78.288
120666,143732,9298,-0.149,1.021,-0.077,-1.768,-1.524,1.524,78.292
120666,143634,10959,-0.144,1.019,-0.068,-2.744,-3.415,1.768,78.298
120636,143732,9298,-0.134,1.018,-0.047,-2.744,-3.415,1.768,78.302
120636,143648,10950,-0.127,1.017,-0.025,-1.707,-3.598,1.159,78.308
120662,143732,9298,-0.12,1.014,-0.011,-1.707,-3.598,1.159,78.312
120662,143638,10942,-0.115,1.009,-0.018,0.976,-1.829,0.793,78.318
120629,143732,9298,-0.111,1.011,-0.034,0.976,-1.829,0.793,78.322
120629,143625,10941,-0.114,1.021,-0.053,1.463,1.28,0.305,78.328
120624,143732,9298,-0.119,1.03,-0.069,1.463,1.28,0.305,78.332
120624,143630,10935,-0.131,1.029,-0.078,1.707,3.963,-0.915,78.338
120659,143732,9298,-0.138,1.024,-0.092,1.707,3.963,-0.915,78.342
120659,143638,10944,-0.147,1.017,-0.106,2.073,5.061,-1.28,78.348
120671,143732,9298,-0.154,1.011,-0.13,2.073,5.061,-1.28,78.352
120671,143623,10952,-0.156,1.005,-0.148,0.061,3.902,-0.793,78.358
120661,143476,9298,-0.159,1.005,-0.156,0.061,3.902,-0.793,78.361
120661,143596,10950,-0.159,1.002,-0.148,-1.463,1.402,0.122,78.368
120668,143476,9298,-0.155,1.002,-0.133,-1.463,1.402,0.122,78.371
120668,143577,10944,-0.158,1.006,-0.114,-1.159,-1.22,1.037,78.377
120659,143476,9298,-0.151,1.01,-0.099,-1.159,-1.22,1.037,78.381
120659,143593,10946,-0.14,1.017,-0.081,-1.768,-3.232,1.585,78.387
120596,143476,9298,-0.135,1.019,-0.07,-1.768,-3.232,1.585,78.391
120596,143580,10946,-0.131,1.021,-0.06,-2.134,-3.11,1.768,78.397
120552,143476,9298,-0.126,1.022,-0.046,-2.134,-3.11,1.768,78.401
120552,143593,10927,-0.13,1.022,-0.024,-1.037,-1.707,1.463,78.407
120509,143476,9298,-0.126,1.02,-0.011,-1.037,-1.707,1.463,78.411
120509,143611,10932,-0.123,1.013,-0.017,0.854,-0.366,0.854,78.417
120516,143476,9298,-0.12,1.012,-0.042,0.854,-0.366,0.854,78.421
120516,143603,10908,-0.121,1.019,-0.074,0.549,1.159,0.122,78.427
120533,143476,9298,-0.125,1.025,-0.088,0.549,1.159,0.122,78.431
120533,143593,10935,-0.13,1.028,-0.092,1.22,2.988,-0.854,78.437
120626,143476,9298,-0.139,1.025,-0.107,1.22,2.988,-0.854,78.441
120626,143600,10939,-0.147,1.019,-0.128,2.378,4.024,-0.915,78.447
120671,143476,9298,-0.152,1.014,-0.142,2.378,4.024,-0.915,78.45
120671,143613,10938,-0.159,1.012,-0.145,0.61,3.293,-0.488,78.457
120699,143476,9298,-0.162,1.009,-0.138,0.61,3.293,-0.488,78.46
120699,143589,10952,-0.16,1.012,-0.124,-1.768,0.427,0.366,78.467
120641,143476,9298,-0.161,1.008,-0.113,-1.768,0.427,0.366,78.47
120641,143582,10927,-0.152,1.005,-0.101,-2.317,-2.683,1.28,78.476
120617,143476,9298,-0.141,1.01,-0.081,-2.317,-2.683,1.28,78.48
120617,143590,10937,-0.133,1.014,-0.051,-1.89,-4.451,1.22,78.486
120539,143476,9298,-0.125,1.016,-0.034,-1.89,-4.451,1.22,78.49
120539,143604,10942,-0.12,1.013,-0.031,-0.366,-3.293,1.22,78.496
120527,143476,9298,-0.117,1.014,-0.039,-0.366,-3.293,1.22,78.5
120527,143588,10917,-0.119,1.016,-0.047,0.61,-0.305,0.976,78.506
120556,143732,9298,-0.123,1.025,-0.052,0.61,-0.305,0.976,78.51
120556,143648,10929,-0.128,1.034,-0.055,0.549,2.256,0.244,78.516
120606,143476,9298,-0.134,1.034,-0.065,0.549,2.256,0.244,78.52
120606,143599,10928,-0.136,1.026,-0.086,1.037,3.049,-0.488,78.526
120617,143476,9298,-0.142,1.017,-0.107,1.037,3.049,-0.488,78.53
120617,143594,10943,-0.142,1.011,-0.119,1.28,3.11,-0.915,78.536
120675,143476,9298,-0.148,1.004,-0.12,1.28,3.11,-0.915,78.54
120675,143606,10939,-0.154,0.996,-0.12,0.244,2.256,-0.305,78.546
120689,143476,9298,-0.157,0.995,-0.121,0.244,2.256,-0.305,78.549
120689,143607,10951,-0.154,1.005,-0.12,-0.671,0.732,0.793,78.556
120635,143476,9298,-0.15,1.012,-0.12,-0.671,0.732,0.793,78.559
120635,143582,10941,-0.148,1.026,-0.114,-1.707,-1.159,1.098,78.566
120587,143476,9298,-0.144,1.033,-0.092,-1.707,-1.159,1.098,78.569
120587,143605,10929,-0.139,1.031,-0.064,-1.463,-2.439,1.159,78.575
120546,143476,9298,-0.134,1.022,-0.045,-1.463,-2.439,1.159,78.579
120546,143613,10921,-0.133,1.013,-0.037,-0.244,-2.134,1.28,78.585
120522,143732,9298,-0.126,1.004,-0.036,-0.244,-2.134,1.28,78.589
120522,143639,10930,-0.123,0.998,-0.037,-1.341,-0.732,0.976,78.595
120523,143476,9298,-0.123,0.998,-0.037,-1.341,-0.732,0.976,78.599
120523,143610,10921,-0.124,1.012,-0.043,-1.098,0.976,0.549,78.605
120534,143732,9298,-0.124,1.012,-0.043,-1.098,0.976,0.549,78.609
120534,143623,10926,-0.126,1.028,-0.084,1.402,2.317,-0.061,78.615
120577,143476,9298,-0.126,1.028,-0.084,1.402,2.317,-0.061,78.619
120577,143612,10918,-0.136,1.025,-0.114,3.11,3.232,-1.037,78.625
120608,143476,9298,-0.136,1.025,-0.114,3.11,3.232,-1.037,78.629
120608,143583,10930,-0.152,1.014,-0.121,2.683,3.354,-1.098,78.635
120660,143476,9298,-0.152,1.014,-0.121,2.683,3.354,-1.098,78.639
120660,143560,10937,-0.155,1.016,-0.137,0.061,2.073,-0.183,78.645
120637,143476,9298,-0.155,1.016,-0.137,0.061,2.073,-0.183,78.648
120637,143565,10942,-0.154,1.019,-0.118,-2.744,-0.549,0.488,78.655
120570,143476,9298,-0.154,1.019,-0.118,-2.744,-0.549,0.488,78.658
120570,143594,10932,-0.146,1.012,-0.076,-1.951,-2.805,0.793,78.665
120534,143476,9298,-0.146,1.012,-0.076,-1.951,-2.805,0.793,78.668
120534,143593,10928,-0.131,1.003,-0.072,-1.829,-2.927,1.037,78.674
120508,143476,9298,-0.131,1.003,-0.072,-1.829,-2.927,1.037,78.678
120508,143597,10927,-0.131,1.011,-0.016,-1.28,-1.585,1.159,78.684
120472,143476,9298,-0.131,1.011,-0.016,-1.28,-1.585,1.159,78.688
120472,143591,10913,-0.127,1.009,-0.028,1.585,-0.366,0.854,78.694
120464,143732,9298,-0.127,1.009,-0.028,1.585,-0.366,0.854,78.698
120464,143616,10925,-0.124,1.011,-0.086,1.463,1.829,-0.061,78.704
120527,143476,9298,-0.124,1.011,-0.086,1.463,1.829,-0.061,78.708
120527,143601,10928,-0.136,1.034,-0.095,1.463,3.232,-0.427,78.714
120557,143476,9298,-0.136,1.034,-0.095,1.463,3.232,-0.427,78.718
120557,143597,10925,-0.149,1.027,-0.134,1.341,3.598,0.061,78.724
120580,143476,9298,-0.149,1.027,-0.134,1.341,3.598,0.061,78.728
120580,143581,10946,-0.157,1.017,-0.141,-0.976,2.439,0.061,78.734
120606,143476,9298,-0.157,1.017,-0.141,-0.976,2.439,0.061,78.738
120606,143570,10921,-0.157,1.016,-0.127,-0.976,2.439,0.061,78.744
120568,143476,9298,-0.159,1.014,-0.107,-2.439,-0.122,0.488,78.747
120568,143548,10934,-0.157,1.011,-0.091,-2.439,-0.122,0.488,78.754
120548,143476,9298,-0.147,1.015,-0.078,-2.317,-2.805,1.28,78.757
120548,143564,10924,-0.137,1.009,-0.057,-2.317,-2.805,1.28,78.764
120480,143476,9298,-0.129,1.008,-0.031,-1.341,-3.963,1.159,78.767
120480,143572,10918,-0.122,1.007,-0.018,-1.341,-3.963,1.159,78.773
120476,143476,9298,-0.117,1.007,-0.028,0.793,-2.439,0.854,78.777
120476,143594,10910,-0.112,1.012,-0.048,0.793,-2.439,0.854,78.783
120487,143476,9298,-0.113,1.02,-0.06,0.549,0.854,0.366,78.787
120487,143604,10918,-0.123,1.028,-0.056,0.549,0.854,0.366,78.793
120501,143476,9298,-0.132,1.028,-0.05,1.707,3.537,-0.305,78.797
120501,143586,10901,-0.137,1.023,-0.068,1.707,3.537,-0.305,78.803
120517,143476,9298,-0.144,1.013,-0.11,2.256,4.146,-0.732,78.807
120517,143582,10929,-0.145,1.006,-0.144,2.256,4.146,-0.732,78.813
120548,143476,9298,-0.15,1.008,-0.152,-0.488,3.598,-0.732,78.817
120548,143595,10928,-0.157,1.009,-0.127,-0.488,3.598,-0.732,78.823
120565,143476,9298,-0.162,1.014,-0.103,-0.366,1.707,-0.122,78.827
120565,143559,10919,-0.157,1.014,-0.107,-0.366,1.707,-0.122,78.833
120576,143476,9298,-0.151,1.016,-0.133,0.061,-0.854,0.793,78.837
120576,143576,10944,-0.146,1.015,-0.141,0.061,-0.854,0.793,78.843
120524,143476,9298,-0.142,1.02,-0.119,-1.707,-2.134,0.61,78.846
120524,143586,10925,-0.141,1.02,-0.09,-1.707,-2.134,0.61,78.853
120463,143476,9298,-0.142,1.022,-0.06,-0.915,-2.073,1.159,78.856
120463,143563,10919,-0.139,1.024,-0.042,-0.915,-2.073,1.159,78.863
120468,143476,9298,-0.137,1.02,-0.039,-1.037,-1.524,1.707,78.866
120468,143580,10918,-0.132,1.017,-0.042,-1.037,-1.524,1.707,78.872
120448,143476,9298,-0.125,1.011,-0.049,-1.341,-1.28,0.854,78.876
120448,143587,10916,-0.124,1.009,-0.037,-1.341,-1.28,0.854,78.882
120468,143476,9298,-0.121,1.001,-0.018,0.549,-0.305,0,78.886
120468,143586,10919,-0.119,1,-0.021,0.549,-0.305,0,78.892
120480,143476,9298,-0.12,1.008,-0.057,2.5,1.098,0.122,78.896
120480,143573,10905,-0.123,1.019,-0.101,2.5,1.098,0.122,78.902
120502,143476,9298,-0.127,1.021,-0.129,0.915,3.232,-0.366,78.906
120502,143559,10919,-0.135,1.023,-0.131,0.915,3.232,-0.366,78.912
120538,143476,9298,-0.146,1.028,-0.14,1.707,4.39,-0.793,78.916
120538,143565,10917,-0.155,1.027,-0.146,1.707,4.39,-0.793,78.922
120559,143476,9298,-0.162,1.023,-0.154,0.244,3.049,0,78.926
120559,143544,10923,-0.165,1.017,-0.148,0.244,3.049,0,78.932
120517,143476,9298,-0.168,1.019,-0.13,-2.439,-0.305,0.854,78.936
120517,143549,10917,-0.159,1.018,-0.109,-2.439,-0.305,0.854,78.942
120491,143476,9298,-0.152,1.015,-0.084,-2.866,-3.354,1.22,78.945
120491,143541,10913,-0.145,1.01,-0.056,-2.866,-3.354,1.22,78.952
120467,143476,9298,-0.138,1.008,-0.034,-1.646,-4.695,1.463,78.955
120467,143568,10915,-0.122,1.008,-0.026,-1.646,-4.695,1.463,78.962
120444,143476,9298,-0.112,1.011,-0.02,-0.183,-3.476,1.098,78.965
120444,143564,10896,-0.112,1.015,-0.014,-0.183,-3.476,1.098,78.971
120427,143476,9298,-0.113,1.02,-0.016,0.976,-0.061,0.488,78.975
120427,143542,10905,-0.118,1.019,-0.032,0.976,-0.061,0.488,78.981
120486,143476,9298,-0.118,1.022,-0.062,1.89,3.232,-0.366,78.985
120486,143565,10910,-0.127,1.022,-0.088,1.89,3.232,-0.366,78.991
120476,143476,9298,-0.139,1.021,-0.1,1.159,5.061,-1.037,78.995
120476,143573,10905,-0.143,1.016,-0.103,1.159,5.061,-1.037,79.001
120552,143476,9298,-0.15,1.009,-0.115,1.524,4.573,-0.915,79.005
120552,143568,10907,-0.154,1.005,-0.136,1.524,4.573,-0.915,79.011
120524,143476,9298,-0.157,1.006,-0.146,-0.183,2.5,-0.122,79.015
120524,143566,10914,-0.157,1.012,-0.138,-0.183,2.5,-0.122,79.021
120503,143476,9298,-0.152,1.008,-0.12,-1.159,-0.122,0.549,79.025
120503,143552,10914,-0.151,1.01,-0.106,-1.159,-0.122,0.549,79.031
120482,143476,9298,-0.146,1.012,-0.104,-0.488,-1.768,1.098,79.035
120482,143564,10907,-0.14,1.016,-0.098,-0.488,-1.768,1.098,79.041
120401,143476,9298,-0.136,1.025,-0.087,-2.195,-2.256,1.28,79.044
120401,143560,10898,-0.134,1.029,-0.074,-2.195,-2.256,1.28,79.051
120423,143476,9298,-0.132,1.025,-0.053,-1.524,-1.524,1.037,79.054
120423,143579,10900,-0.132,1.017,-0.042,-1.524,-1.524,1.037,79.06
120445,143476,9298,-0.128,1.014,-0.035,1.037,-0.244,0.732,79.064
120445,143554,10902,-0.129,1.012,-0.039,1.037,-0.244,0.732,79.07
120438,143476,9298,-0.131,1.009,-0.042,0.61,0.793,0.244,79.074
120438,143577,10909,-0.131,1.014,-0.05,0.61,0.793,0.244,79.08
120515,143476,9298,-0.13,1.018,-0.064,1.037,1.707,-0.122,79.084
120515,143561,10921,-0.13,1.015,-0.082,1.037,1.707,-0.122,79.09
120566,143476,9298,-0.134,1.013,-0.101,2.317,2.439,-0.671,79.094
120566,143587,10921,-0.139,1.013,-0.126,2.317,2.439,-0.671,79.1
120542,143476,9298,-0.139,1.012,-0.144,1.159,2.805,-0.915,79.104
120542,143544,10917,-0.147,1.02,-0.15,1.159,2.805,-0.915,79.11
120542,143476,9298,-0.157,1.021,-0.136,-0.976,2.317,0,79.114
120542,143549,10930,-0.16,1.02,-0.119,-0.976,2.317,0,79.12
120533,143476,9298,-0.159,1.016,-0.106,-1.89,-0.183,1.159,79.124
120533,143553,10920,-0.155,1.007,-0.101,-1.89,-0.183,1.159,79.13
120431,143476,9298,-0.148,1.002,-0.096,-2.256,-2.927,1.28,79.133
120431,143555,10894,-0.139,1.003,-0.077,-2.256,-2.927,1.28,79.14
120418,143476,9298,-0.131,1.008,-0.045,-1.037,-3.537,0.976,79.143
120418,143549,10906,-0.129,1.012,-0.011,-1.037,-3.537,0.976,79.15
120429,143476,9298,-0.125,1.02,-0.004,0.61,-2.561,1.22,79.153
120429,143560,10900,-0.118,1.021,-0.029,0.61,-2.561,1.22,79.159
120389,143476,9298,-0.117,1.022,-0.072,0.793,0.061,0.793,79.163
120389,143555,10902,-0.119,1.02,-0.094,0.793,0.061,0.793,79.169
120408,143476,9298,-0.119,1.02,-0.094,0.793,0.061,0.793,79.173
120408,143579,10907,-0.131,1.025,-0.083,0.854,3.293,-0.366,79.179
120504,143476,9298,-0.131,1.025,-0.083,0.854,3.293,-0.366,79.183
120504,143570,10908,-0.151,1.018,-0.116,1.89,4.207,-0.305,79.189
120531,143476,9298,-0.151,1.018,-0.116,1.89,4.207,-0.305,79.193
120531,143560,10916,-0.156,1.01,-0.14,-0.183,2.988,0.061,79.199
120542,143476,9298,-0.156,1.01,-0.14,-0.183,2.988,0.061,79.203
120542,143510,10914,-0.154,1.004,-0.121,-1.707,0.61,-0.183,79.209
120552,143476,9298,-0.154,1.004,-0.121,-1.707,0.61,-0.183,79.213
120552,143500,10906,-0.146,1.011,-0.091,-1.22,-1.707,0.549,79.219
120460,143476,9298,-0.146,1.011,-0.091,-1.22,-1.707,0.549,79.223
120460,143516,10905,-0.135,1.026,-0.071,-0.671,-2.927,1.28,79.229
120417,143476,9298,-0.135,1.026,-0.071,-0.671,-2.927,1.28,79.232
120417,143521,10900,-0.129,1.023,-0.022,-1.768,-2.866,1.037,79.239
120391,143476,9298,-0.129,1.023,-0.022,-1.768,-2.866,1.037,79.242
120391,143556,10908,-0.12,1.002,-0.025,-0.122,-1.646,0.915,79.249
120381,143476,9298,-0.12,1.002,-0.025,-0.122,-1.646,0.915,79.252
120381,143534,10889,-0.116,1.01,-0.061,1.159,0,0.61,79.258
120413,143476,9298,-0.116,1.01,-0.061,1.159,0,0.61,79.262
120413,143556,10905,-0.128,1.025,-0.076,0.732,2.378,-0.305,79.268
120456,143476,9298,-0.128,1.025,-0.076,0.732,2.378,-0.305,79.272
120456,143551,10917,-0.143,1.02,-0.117,2.073,3.963,-0.915,79.278
120509,143476,9298,-0.143,1.02,-0.117,2.073,3.963,-0.915,79.282
120509,143524,10900,-0.155,1.013,-0.157,1.402,4.39,-0.854,79.288
120535,143476,9298,-0.155,1.013,-0.157,1.402,4.39,-0.854,79.292
120535,143526,10904,-0.162,1.011,-0.143,-0.671,3.354,-0.244,79.298
120514,143476,9298,-0.162,1.011,-0.143,-0.671,3.354,-0.244,79.302
120514,143525,10922,-0.159,1.012,-0.104,-1.159,0.61,0.793,79.308
120508,143476,9298,-0.159,1.012,-0.104,-1.159,0.61,0.793,79.312
120508,143506,10910,-0.152,1.014,-0.093,-1.159,-2.744,1.463,79.318
120469,143476,9298,-0.145,1.016,-0.079,-1.159,-2.744,1.463,79.322
120469,143539,10910,-0.133,1.017,-0.06,-1.707,-4.207,1.402,79.328
120415,143476,9298,-0.126,1.015,-0.042,-1.707,-4.207,1.402,79.331
120415,143522,10903,-0.122,1.012,-0.018,-0.488,-2.927,1.341,79.338
120374,143476,9298,-0.119,1.01,-0.002,-0.488,-2.927,1.341,79.341
120374,143525,10905,-0.118,1.011,-0.015,0.671,-0.732,1.159,79.348
120390,143476,9298,-0.116,1.015,-0.037,0.671,-0.732,1.159,79.351
120390,143504,10895,-0.114,1.017,-0.065,0.488,1.707,0.305,79.357
120367,143476,9298,-0.12,1.023,-0.086,0.488,1.707,0.305,79.361
120367,143528,10898,-0.129,1.026,-0.1,1.098,4.085,-0.976,79.367
120431,143476,9298,-0.137,1.026,-0.111,1.098,4.085,-0.976,79.371
120431,143512,10886,-0.147,1.025,-0.123,2.317,5,-1.037,79.377
120486,143476,9298,-0.158,1.019,-0.148,2.317,5,-1.037,79.381
120486,143510,10921,-0.163,1.016,-0.165,0.366,3.78,-0.366,79.387
120466,143476,9298,-0.162,1.009,-0.158,0.366,3.78,-0.366,79.391
120466,143496,10902,-0.165,1.009,-0.136,-1.646,0.61,0.366,79.397
120421,143476,9298,-0.16,1.009,-0.112,-1.646,0.61,0.366,79.401
120421,143469,10892,-0.153,1.007,-0.091,-1.22,-2.927,1.28,79.407
120407,143476,9298,-0.141,1.01,-0.08,-1.22,-2.927,1.28,79.411
120407,143523,10900,-0.134,1.02,-0.062,-1.707,-4.634,1.402,79.417
120369,143476,9298,-0.126,1.022,-0.041,-1.707,-4.634,1.402,79.421
120369,143493,10890,-0.12,1.02,-0.031,-1.707,-3.476,1.098,79.427
120300,143476,9298,-0.117,1.016,-0.028,-1.707,-3.476,1.098,79.43
120300,143508,10882,-0.121,1.011,-0.027,-0.122,-0.366,0.976,79.437
120333,143476,9298,-0.126,1.007,-0.033,-0.122,-0.366,0.976,79.44
120333,143516,10890,-0.129,1.012,-0.042,0.549,2.134,0.549,79.447
120399,143476,9298,-0.132,1.018,-0.052,0.549,2.134,0.549,79.45
120399,143503,10893,-0.133,1.021,-0.071,1.159,2.927,-0.305,79.456
120400,143476,9298,-0.135,1.021,-0.094,1.159,2.927,-0.305,79.46
120400,143505,10885,-0.137,1.023,-0.114,2.317,3.232,-1.037,79.466
120447,143476,9298,-0.145,1.018,-0.121,2.317,3.232,-1.037,79.47
120447,143494,10906,-0.146,1.015,-0.126,2.134,2.805,-0.915,79.476
120485,143476,9298,-0.148,1.011,-0.138,2.134,2.805,-0.915,79.48
120485,143495,10893,-0.152,1.014,-0.157,-0.183,1.951,0.122,79.486
120441,143476,9298,-0.156,1.021,-0.159,-0.183,1.951,0.122,79.49
120441,143489,10886,-0.157,1.026,-0.137,-3.354,0.366,0.732,79.496
120405,143476,9298,-0.153,1.029,-0.111,-3.354,0.366,0.732,79.5
120405,143471,10910,-0.149,1.023,-0.092,-3.293,-2.561,1.159,79.506
120360,143476,9298,-0.145,1.011,-0.068,-3.293,-2.561,1.159,79.51
120360,143471,10893,-0.138,1.002,-0.046,-2.073,-4.207,1.463,79.516
120315,143476,9298,-0.126,0.997,-0.035,-2.073,-4.207,1.463,79.52
120315,143476,10892,-0.12,0.997,-0.034,-0.854,-3.476,1.28,79.526
120363,143476,9298,-0.119,1.003,-0.039,-0.854,-3.476,1.28,79.529
120363,143506,10881,-0.117,1.013,-0.044,0.061,-0.61,0.854,79.536
120362,143476,9298,-0.122,1.026,-0.046,0.061,-0.61,0.854,79.539
120362,143502,10901,-0.127,1.033,-0.058,1.585,2.195,0.122,79.546
120397,143476,9298,-0.133,1.037,-0.084,1.585,2.195,0.122,79.549
120397,143487,10894,-0.142,1.032,-0.095,1.402,3.537,-0.549,79.555
120427,143476,9298,-0.149,1.021,-0.103,1.402,3.537,-0.549,79.559
120427,143508,10905,-0.154,1.008,-0.107,0.732,3.11,-0.61,79.565
120483,143476,9298,-0.155,1,-0.112,0.732,3.11,-0.61,79.569
120483,143507,10922,-0.151,0.996,-0.118,-0.244,1.22,0.305,79.575
120466,143476,9298,-0.148,1.007,-0.116,-0.244,1.22,0.305,79.579
120466,143466,10896,-0.146,1.015,-0.109,-1.89,-0.854,1.037,79.585
120404,143476,9298,-0.141,1.022,-0.098,-1.89,-0.854,1.037,79.589
120404,143473,10898,-0.134,1.029,-0.089,-1.22,-2.134,0.915,79.595
120353,143476,9298,-0.131,1.024,-0.091,-1.22,-2.134,0.915,79.599
120353,143475,10883,-0.131,1.022,-0.084,-0.122,-1.646,0.793,79.605
120301,143476,9298,-0.133,1.019,-0.076,-0.122,-1.646,0.793,79.609
120301,143467,10893,-0.133,1.012,-0.065,-0.427,-0.183,0.793,79.615
120297,143476,9298,-0.139,1.013,-0.052,-0.427,-0.183,0.793,79.619
120297,143478,10865,-0.138,1.014,-0.042,-0.061,0.61,0.732,79.625
120296,143476,9298,-0.139,1.008,-0.037,-0.061,0.61,0.732,79.628
120296,143477,10887,-0.132,1.007,-0.034,1.524,0.183,0.183,79.635
120354,143476,9298,-0.126,1.005,-0.052,1.524,0.183,0.183,79.638
120354,143482,10893,-0.124,1.013,-0.085,1.951,0.549,-0.427,79.645
120386,143476,9298,-0.126,1.018,-0.098,1.951,0.549,-0.427,79.648
120386,143485,10899,-0.134,1.027,-0.103,1.28,2.195,-0.427,79.654
120444,143476,9298,-0.138,1.028,-0.105,1.28,2.195,-0.427,79.658
120444,143456,10904,-0.143,1.024,-0.118,1.585,3.11,-0.122,79.664
120447,143476,9298,-0.146,1.017,-0.145,1.585,3.11,-0.122,79.668
120447,143461,10908,-0.152,1.012,-0.161,-0.305,2.805,0.122,79.674
120402,143476,9298,-0.152,1.01,-0.152,-0.305,2.805,0.122,79.678
120402,143437,10892,-0.161,1.009,-0.118,-2.683,0.915,0.793,79.684
120352,143476,9298,-0.159,1.009,-0.097,-2.683,0.915,0.793,79.688
120352,143449,10869,-0.153,1.008,-0.091,-2.744,-2.073,1.89,79.694
120305,143476,9298,-0.146,1.01,-0.091,-2.744,-2.073,1.89,79.698
120305,143454,10874,-0.138,1.017,-0.081,-2.744,-3.598,1.768,79.704
120280,143476,9298,-0.133,1.024,-0.055,-2.744,-3.598,1.768,79.708
120280,143471,10880,-0.13,1.029,-0.031,-0.61,-3.049,1.098,79.714
120274,143476,9298,-0.124,1.027,-0.021,-0.61,-3.049,1.098,79.718
120274,143462,10870,-0.122,1.022,-0.031,1.28,-1.341,0.61,79.724
120284,143476,9298,-0.122,1.022,-0.045,1.28,-1.341,0.61,79.727
120284,143438,10881,-0.12,1.022,-0.056,0.366,1.037,-0.061,79.734
120319,143476,9298,-0.129,1.015,-0.063,0.366,1.037,-0.061,79.737
120319,143439,10876,-0.135,1.012,-0.073,1.037,2.988,-0.427,79.743
120354,143476,9298,-0.138,1.009,-0.089,1.037,2.988,-0.427,79.747
120354,143457,10883,-0.144,1.009,-0.106,1.768,3.415,-0.671,79.753
120396,143476,9298,-0.144,1.009,-0.106,1.768,3.415,-0.671,79.757
120396,143429,10898,-0.145,1.005,-0.117,0.793,2.195,-0.732,79.763
120402,143476,9298,-0.145,1.005,-0.117,0.793,2.195,-0.732,79.767
120402,143423,10882,-0.15,1.009,-0.114,0.61,0.61,0.305,79.773
120358,143476,9298,-0.15,1.009,-0.114,0.61,0.61,0.305,79.777
120358,143415,10874,-0.143,1.018,-0.107,-0.854,-0.732,0.915,79.783
120275,143476,9298,-0.143,1.018,-0.107,-0.854,-0.732,0.915,79.787
120275,143401,10879,-0.135,1.024,-0.079,-1.89,-1.768,0.976,79.793
120251,143476,9298,-0.135,1.024,-0.079,-1.89,-1.768,0.976,79.797
120251,143419,10869,-0.132,1.02,-0.066,-1.159,-1.646,1.341,79.803
120245,143476,9298,-0.132,1.02,-0.066,-1.159,-1.646,1.341,79.807
120245,143445,10875,-0.128,1.012,-0.067,-0.915,-0.61,1.159,79.813
120247,143476,9298,-0.128,1.012,-0.067,-0.915,-0.61,1.159,79.816
120247,143440,10872,-0.133,1.021,-0.041,0.305,0.488,0.305,79.823
120271,143476,9298,-0.133,1.021,-0.041,0.305,0.488,0.305,79.826
120271,143435,10881,-0.132,1.02,-0.068,2.256,1.341,-0.366,79.833
120296,143476,9298,-0.132,1.02,-0.068,2.256,1.341,-0.366,79.836
120296,143419,10869,-0.135,1.01,-0.115,1.707,2.317,-0.793,79.842
120327,143476,9298,-0.135,1.01,-0.115,1.707,2.317,-0.793,79.846
120327,143439,10880,-0.148,1.019,-0.101,1.159,2.5,-0.366,79.852
