139277,156154,12606,0.01,-0.965,0.015,-0.366,0.366,0.244,123.136
139277,156130,12897,0.008,-0.964,0.013,-0.366,0.366,0.244,123.142
139264,156154,12606,0.01,-0.965,0.014,-0.061,0.427,0.427,123.146
139264,156117,12891,0.011,-0.963,0.02,-0.061,0.427,0.427,123.152
139275,156154,12606,0.008,-0.963,0.023,0.183,0.427,0.488,123.155
139275,156117,12887,0.007,-0.966,0.021,0.183,0.427,0.488,123.162
139266,156154,12606,0.01,-0.963,0.02,0.244,0.427,0.488,123.165
139266,156128,12891,0.009,-0.961,0.022,0.244,0.427,0.488,123.171
139284,156154,12606,0.009,-0.959,0.023,0,0.366,0.488,123.175
139284,156133,12904,0.009,-0.964,0.02,0,0.366,0.488,123.181
139278,156154,12606,0.008,-0.968,0.017,-0.183,0.427,0.427,123.185
139278,156111,12899,0.007,-0.964,0.025,-0.183,0.427,0.427,123.191
139256,156154,12606,0.006,-0.963,0.02,0.061,0.427,0.488,123.195
139256,156127,12882,0.007,-0.962,0.022,0.061,0.427,0.488,123.201
139272,156154,12606,0.008,-0.964,0.021,0.305,0.61,0.549,123.205
139272,156102,12886,0.007,-0.963,0.02,0.305,0.61,0.549,123.211
139263,156154,12606,0.011,-0.963,0.019,0.305,0.488,0.427,123.215
139263,156121,12902,0.011,-0.966,0.02,0.305,0.488,0.427,123.221
139279,156154,12606,0.006,-0.966,0.02,0.061,0.549,0.366,123.225
139279,156118,12899,0.008,-0.962,0.023,0.061,0.549,0.366,123.231
139276,156154,12606,0.008,-0.96,0.021,-0.122,0.549,0.305,123.235
139276,156118,12911,0.008,-0.959,0.022,-0.122,0.549,0.305,123.241
139289,156154,12606,0.007,-0.958,0.021,-0.183,0.427,0.183,123.244
139289,156154,12894,0.005,-0.959,0.023,-0.183,0.427,0.183,123.251
139319,156410,12606,0.008,-0.965,0.019,-0.061,0.488,0.244,123.254
139319,156161,12901,0.009,-0.966,0.025,-0.061,0.488,0.244,123.261
139335,156154,12606,0.009,-0.966,0.02,-0.244,0.488,0.305,123.264
139335,156131,12896,0.007,-0.964,0.016,-0.244,0.488,0.305,123.27
139333,156410,12606,0.01,-0.962,0.019,-0.427,0.549,0.244,123.274
139333,156189,12882,0.009,-0.962,0.019,-0.427,0.549,0.244,123.28
139320,156410,12606,0.01,-0.963,0.019,-0.366,0.488,0.366,123.284
139320,156193,12910,0.01,-0.963,0.02,-0.366,0.488,0.366,123.29
139326,156410,12606,0.008,-0.962,0.018,-0.244,0.61,0.488,123.294
139326,156177,12888,0.006,-0.964,0.018,-0.244,0.61,0.488,123.3
139324,156410,12606,0.009,-0.963,0.019,-0.305,0.61,0.488,123.304
139324,156176,12912,0.008,-0.962,0.02,-0.305,0.61,0.488,123.31
139328,156154,12606,0.007,-0.963,0.021,-0.488,0.488,0.427,123.314
139328,156156,12899,0.007,-0.961,0.022,-0.488,0.488,0.427,123.32
139308,156410,12606,0.007,-0.961,0.021,-0.732,0.366,0.427,123.324
139308,156162,12909,0.007,-0.963,0.02,-0.732,0.366,0.427,123.33
139323,156410,12606,0.008,-0.963,0.02,-0.854,0.366,0.427,123.334
139323,156161,12890,0.009,-0.961,0.021,-0.854,0.366,0.427,123.34
139304,156410,12606,0.009,-0.963,0.022,-0.793,0.305,0.366,123.343
139304,156163,12906,0.008,-0.964,0.017,-0.793,0.305,0.366,123.35
139319,156410,12606,0.012,-0.962,0.015,-0.732,0.244,0.366,123.353
139319,156163,12881,0.01,-0.965,0.017,-0.732,0.244,0.366,123.36
139320,156410,12606,0.003,-0.961,0.019,-0.793,0.183,0.549,123.363
139320,156179,12885,0.004,-0.96,0.021,-0.793,0.183,0.549,123.369
139307,156154,12606,0.008,-0.962,0.017,-0.488,0.305,0.488,123.373
139307,156149,12888,0.008,-0.964,0.02,-0.488,0.305,0.488,123.379
139312,156410,12606,0.009,-0.964,0.018,-0.244,0.244,0.488,123.383
139312,156179,12911,0.006,-0.964,0.019,-0.244,0.244,0.488,123.389
139339,156410,12606,0.011,-0.965,0.021,-0.183,0.244,0.244,123.393
139339,156184,12893,0.008,-0.963,0.02,-0.183,0.244,0.244,123.399
139325,156410,12606,0.006,-0.962,0.02,0.061,0.427,0.244,123.403
139325,156184,12889,0.008,-0.965,0.019,0.061,0.427,0.244,123.409
139346,156410,12606,0.013,-0.961,0.02,-0.061,0.366,0.427,123.413
139346,156174,12901,0.01,-0.961,0.018,-0.061,0.366,0.427,123.419
139348,156410,12606,0.006,-0.964,0.015,0,0.427,0.366,123.423
139348,156164,12904,0.006,-0.966,0.017,0,0.427,0.366,123.429
139356,156410,12606,0.007,-0.965,0.023,0.122,0.305,0.305,123.433
139356,156184,12897,0.009,-0.964,0.022,0.122,0.305,0.305,123.439
139356,156410,12606,0.006,-0.961,0.021,0,0.244,0.305,123.442
139356,156204,12902,0.007,-0.962,0.02,0,0.244,0.305,123.449
139336,156410,12606,0.009,-0.961,0.023,-0.183,0.366,0.305,123.452
139336,156191,12898,0.009,-0.96,0.023,-0.183,0.366,0.305,123.459
139338,156410,12606,0.008,-0.96,0.017,-0.366,0.366,0.183,123.462
139338,156198,12904,0.007,-0.963,0.02,-0.366,0.366,0.183,123.468
139348,156410,12606,0.011,-0.963,0.022,-0.549,0.244,0.183,123.472
139348,156193,12895,0.009,-0.965,0.021,-0.549,0.244,0.183,123.478
139358,156410,12606,0.009,-0.965,0.021,-0.549,0.244,0.183,123.482
139358,156193,12907,0.011,-0.961,0.019,-0.427,0.305,0.183,123.488
139342,156410,12606,0.011,-0.961,0.019,-0.427,0.305,0.183,123.492
139342,156181,12902,0.01,-0.966,0.022,-0.305,0.305,0.305,123.498
139364,156410,12606,0.01,-0.966,0.022,-0.305,0.305,0.305,123.502
139364,156218,12918,0.01,-0.966,0.016,-0.549,0.244,0.366,123.508
139380,156410,12606,0.01,-0.966,0.016,-0.549,0.244,0.366,123.512
139380,156220,12898,0.009,-0.966,0.014,-0.671,0.244,0.427,123.518
139387,156410,12606,0.009,-0.966,0.014,-0.671,0.244,0.427,123.522
139387,156200,12901,0.012,-0.96,0.022,-0.549,0.122,0.488,123.528
139382,156410,12606,0.012,-0.96,0.022,-0.549,0.122,0.488,123.532
139382,156207,12910,0.01,-0.956,0.026,-0.183,0.183,0.61,123.538
139385,156410,12606,0.01,-0.956,0.026,-0.183,0.183,0.61,123.542
139385,156212,12904,0.01,-0.96,0.024,-0.305,0.305,0.488,123.548
139422,156410,12606,0.01,-0.96,0.024,-0.305,0.305,0.488,123.551
139422,156229,12908,0.01,-0.965,0.017,-0.915,0.244,0.427,123.558
139420,156410,12606,0.01,-0.965,0.017,-0.915,0.244,0.427,123.561
139420,156247,12918,0.007,-0.962,0.018,-1.28,0.366,0.488,123.567
139406,156410,12606,0.007,-0.962,0.018,-1.28,0.366,0.488,123.571
139406,156261,12908,0.006,-0.961,0.017,-0.915,0.427,0.488,123.577
139403,156410,12606,0.006,-0.961,0.017,-0.915,0.427,0.488,123.581
139403,156235,12916,0.009,-0.965,0.019,-0.671,0.366,0.488,123.587
139402,156410,12606,0.009,-0.965,0.019,-0.671,0.366,0.488,123.591
139402,156232,12911,0.005,-0.961,0.018,-0.427,0.183,0.488,123.597
139412,156410,12606,0.005,-0.961,0.018,-0.427,0.183,0.488,123.601
139412,156241,12895,0.008,-0.963,0.015,-0.244,0.305,0.427,123.607
139382,156410,12606,0.008,-0.963,0.015,-0.244,0.305,0.427,123.611
139382,156204,12909,0.007,-0.968,0.019,0.122,0.549,0.488,123.617
139380,156410,12606,0.007,-0.968,0.019,0.122,0.549,0.488,123.621
139380,156225,12900,0.004,-0.961,0.017,0.549,0.671,0.488,123.627
139365,156410,12606,0.004,-0.961,0.017,0.549,0.671,0.488,123.631
139365,156199,12896,0.004,-0.96,0.02,0.549,0.61,0.305,123.637
139371,156410,12606,0.009,-0.959,0.023,0.549,0.61,0.305,123.64
139371,156196,12912,0.011,-0.96,0.021,0.122,0.305,0.305,123.647
139389,156410,12606,0.009,-0.962,0.02,0.122,0.305,0.305,123.65
139389,156192,12893,0.008,-0.962,0.022,-0.183,0.244,0.305,123.657
139372,156410,12606,0.008,-0.962,0.02,-0.183,0.244,0.305,123.66
139372,156199,12909,0.012,-0.964,0.018,-0.305,0.244,0.305,123.666
139377,156410,12606,0.01,-0.966,0.015,-0.305,0.244,0.305,123.67
139377,156224,12898,0.01,-0.963,0.018,-0.427,0.122,0.427,123.676
139387,156410,12606,0.013,-0.964,0.018,-0.427,0.122,0.427,123.68
139387,156194,12918,0.008,-0.962,0.018,-0.366,0.183,0.427,123.686
139383,156410,12606,0.007,-0.965,0.02,-0.366,0.183,0.427,123.69
139383,156254,12907,0.01,-0.964,0.018,-0.305,0.366,0.549,123.696
139393,156410,12606,0.01,-0.963,0.018,-0.305,0.366,0.549,123.7
139393,156216,12905,0.009,-0.966,0.018,-0.183,0.366,0.549,123.706
139402,156410,12606,0.009,-0.965,0.019,-0.183,0.366,0.549,123.71
139402,156219,12924,0.01,-0.96,0.019,0.061,0.366,0.732,123.716
139416,156410,12606,0.008,-0.96,0.022,0.061,0.366,0.732,123.72
139416,156230,12898,0.007,-0.96,0.018,-0.061,0.366,0.671,123.726
139442,156410,12606,0.008,-0.963,0.018,-0.061,0.366,0.671,123.73
139442,156247,12933,0.01,-0.965,0.016,0.183,0.671,0.61,123.736
139438,156410,12606,0.007,-0.966,0.018,0.183,0.671,0.61,123.74
139438,156241,12905,0.004,-0.967,0.018,0.305,1.037,0.488,123.746
139425,156410,12606,0.006,-0.962,0.022,0.305,1.037,0.488,123.749
139425,156233,12906,0.004,-0.962,0.022,0.244,0.854,0.488,123.756
139427,156410,12606,0.006,-0.962,0.02,0.244,0.854,0.488,123.759
139427,156253,12916,0.005,-0.962,0.021,0.061,0.61,0.427,123.765
139463,156410,12606,0.003,-0.96,0.021,0.061,0.61,0.427,123.769
139463,156233,12912,0.005,-0.962,0.022,-0.427,0.427,0.244,123.775
139427,156410,12606,0.008,-0.962,0.019,-0.427,0.427,0.244,123.779
139427,156230,12920,0.006,-0.962,0.015,-0.793,0.122,0.122,123.785
139441,156410,12606,0.008,-0.962,0.017,-0.793,0.122,0.122,123.789
139441,156264,12907,0.008,-0.964,0.014,-0.854,0.061,0.122,123.795
139410,156410,12606,0.007,-0.965,0.017,-0.854,0.061,0.122,123.799
139410,156254,12917,0.007,-0.966,0.016,-0.61,0.122,0,123.805
139465,156410,12606,0.01,-0.964,0.015,-0.61,0.122,0,123.809
139465,156274,12928,0.01,-0.964,0.017,-0.305,0.183,0.061,123.815
139451,156410,12606,0.013,-0.963,0.019,-0.305,0.183,0.061,123.819
139451,156263,12935,0.012,-0.962,0.018,0,0.305,0.183,123.825
139456,156410,12606,0.011,-0.964,0.019,0,0.305,0.183,123.829
139456,156271,12907,0.01,-0.964,0.02,0.122,0.305,0.305,123.835
139440,156410,12606,0.007,-0.963,0.017,0.122,0.305,0.305,123.838
139440,156264,12936,0.007,-0.964,0.02,0.122,0.244,0.366,123.845
139430,156410,12606,0.009,-0.962,0.022,0.122,0.244,0.366,123.848
139430,156256,12921,0.011,-0.964,0.021,0.244,0.122,0.61,123.855
139442,156410,12606,0.005,-0.963,0.019,0.244,0.122,0.61,123.858
139442,156242,12903,0.006,-0.963,0.019,0.183,0.244,0.671,123.864
139406,156410,12606,0.008,-0.964,0.019,0.183,0.244,0.671,123.868
139406,156222,12920,0.009,-0.962,0.017,0.244,0.244,0.61,123.874
139406,156410,12606,0.01,-0.963,0.021,0.244,0.244,0.61,123.878
139406,156233,12920,0.007,-0.961,0.021,0.488,0.244,0.549,123.884
139432,156410,12606,0.008,-0.96,0.021,0.488,0.244,0.549,123.888
139432,156238,12916,0.008,-0.961,0.02,0.366,0.244,0.61,123.894
139434,156410,12606,0.006,-0.961,0.021,0.366,0.244,0.61,123.898
139434,156251,12921,0.006,-0.96,0.022,0.061,0.244,0.549,123.904
139461,156410,12606,0.009,-0.957,0.024,0.061,0.244,0.549,123.908
139461,156288,12926,0.008,-0.96,0.023,-0.305,0.244,0.427,123.914
139477,156410,12606,0.009,-0.96,0.023,-0.305,0.244,0.427,123.918
139477,156288,12931,0.008,-0.964,0.019,-0.732,0.305,0.427,123.924
139476,156410,12606,0.007,-0.968,0.021,-0.732,0.305,0.427,123.928
139476,156305,12934,0.01,-0.965,0.018,-0.793,0.305,0.366,123.934
139486,156410,12606,0.008,-0.96,0.016,-0.793,0.305,0.366,123.937
139486,156263,12923,0.007,-0.96,0.02,-0.427,0.305,0.366,123.944
139455,156410,12606,0.004,-0.962,0.02,-0.427,0.305,0.366,123.947
139455,156283,12918,0.005,-0.959,0.021,-0.488,0.244,0.305,123.954
139454,156410,12606,0.006,-0.961,0.022,-0.488,0.244,0.305,123.957
139454,156251,12923,0.006,-0.964,0.019,-0.671,0.305,0.183,123.963
139437,156410,12606,0.008,-0.964,0.017,-0.671,0.305,0.183,123.967
139437,156256,12923,0.007,-0.964,0.016,-0.732,0.549,0.244,123.973
139427,156410,12606,0.009,-0.964,0.018,-0.732,0.549,0.244,123.977
139427,156254,12932,0.011,-0.964,0.017,-0.549,0.366,0.366,123.983
139408,156410,12606,0.01,-0.965,0.018,-0.549,0.366,0.366,123.987
139408,156239,12930,0.008,-0.963,0.016,-0.366,0.366,0.366,123.993
139383,156410,12606,0.009,-0.964,0.021,-0.366,0.366,0.366,123.997
139383,156242,12916,0.01,-0.962,0.022,-0.305,0.427,0.366,124.003
139399,156410,12606,0.01,-0.962,0.02,-0.305,0.427,0.366,124.007
139399,156210,12904,0.01,-0.963,0.017,-0.244,0.427,0.488,124.013
139393,156410,12606,0.008,-0.962,0.019,-0.244,0.427,0.488,124.017
139393,156236,12927,0.008,-0.961,0.019,-0.122,0.427,0.549,124.023
139434,156410,12606,0.011,-0.962,0.019,-0.122,0.427,0.549,124.027
139434,156253,12926,0.008,-0.963,0.019,-0.122,0.427,0.488,124.033
139437,156410,12606,0.005,-0.959,0.019,-0.122,0.427,0.488,124.036
139437,156260,12934,0.005,-0.963,0.02,-0.305,0.305,0.488,124.043
139453,156410,12606,0.008,-0.965,0.023,-0.305,0.305,0.488,124.046
139453,156282,12926,0.008,-0.96,0.023,-0.427,0.244,0.427,124.053
139440,156410,12606,0.01,-0.96,0.021,-0.427,0.244,0.427,124.056
139440,156290,12933,0.009,-0.961,0.018,-0.61,0.305,0.305,124.062
139440,156410,12606,0.007,-0.961,0.018,-0.61,0.305,0.305,124.066
139440,156265,12929,0.008,-0.961,0.021,-0.915,0.305,0.305,124.072
139429,156410,12606,0.008,-0.961,0.021,-0.915,0.305,0.305,124.076
139429,156267,12923,0.005,-0.96,0.019,-0.915,0.366,0.366,124.082
139446,156410,12606,0.005,-0.96,0.019,-0.915,0.366,0.366,124.086
139446,156262,12922,0.008,-0.959,0.016,-0.793,0.366,0.366,124.092
139436,156410,12606,0.008,-0.959,0.016,-0.793,0.366,0.366,124.096
139436,156256,12910,0.009,-0.965,0.013,-0.61,0.366,0.366,124.102
139429,156410,12606,0.009,-0.965,0.013,-0.61,0.366,0.366,124.106
139429,156266,12921,0.008,-0.965,0.017,-0.488,0.305,0.366,124.112
139412,156410,12606,0.008,-0.965,0.017,-0.488,0.305,0.366,124.116
139412,156256,12906,0.008,-0.963,0.013,-0.305,0.61,0.366,124.122
139408,156410,12606,0.008,-0.963,0.013,-0.305,0.61,0.366,124.126
139408,156231,12915,0.01,-0.965,0.016,0,0.671,0.488,124.132
139395,156410,12606,0.01,-0.965,0.016,0,0.671,0.488,124.135
139395,156238,12910,0.008,-0.964,0.016,0.366,0.61,0.488,124.142
139388,156410,12606,0.008,-0.964,0.016,0.366,0.61,0.488,124.145
139388,156237,12905,0.005,-0.962,0.019,0.549,0.61,0.427,124.152
139383,156410,12606,0.005,-0.962,0.019,0.549,0.61,0.427,124.155
139383,156220,12914,0.01,-0.963,0.018,0.366,0.549,0.427,124.161
139389,156410,12606,0.01,-0.963,0.018,0.366,0.549,0.427,124.165
139389,156210,12915,0.006,-0.961,0.021,0.122,0.427,0.427,124.171
139375,156410,12606,0.006,-0.961,0.021,0.122,0.427,0.427,124.175
139375,156220,12910,0.012,-0.962,0.02,-0.061,0.305,0.427,124.181
139414,156410,12606,0.012,-0.962,0.02,-0.061,0.305,0.427,124.185
139414,156239,12916,0.008,-0.962,0.019,-0.305,0.305,0.427,124.191
139384,156410,12606,0.008,-0.962,0.019,-0.305,0.305,0.427,124.195
139384,156233,12917,0.012,-0.963,0.021,-0.305,0.488,0.366,124.201
139391,156410,12606,0.012,-0.963,0.021,-0.305,0.488,0.366,124.205
139391,156230,12909,0.009,-0.959,0.019,-0.061,0.488,0.305,124.211
139382,156410,12606,0.009,-0.959,0.019,-0.061,0.488,0.305,124.215
139382,156220,12907,0.008,-0.963,0.014,-0.061,0.488,0.305,124.221
139378,156410,12606,0.006,-0.968,0.02,0.183,0.427,0.427,124.225
139378,156244,12914,0.007,-0.953,0.026,0.183,0.427,0.427,124.231
139387,156410,12606,0.006,-0.948,0.02,0.061,0.122,0.549,124.234
139387,156249,12914,0.005,-0.959,0.018,0.061,0.122,0.549,124.241
139394,156410,12606,0.01,-0.972,0.018,-0.366,0.244,0.427,124.244
139394,156248,12927,0.012,-0.974,0.016,-0.366,0.244,0.427,124.251
139427,156410,12606,0.009,-0.969,0.014,-0.061,0.549,0.244,124.254
139427,156260,12918,0.006,-0.965,0.013,-0.061,0.549,0.244,124.26
139420,156410,12606,0.006,-0.964,0.016,0.305,0.671,0.427,124.264
139420,156251,12902,0.005,-0.962,0.022,0.305,0.671,0.427,124.27
139415,156410,12606,0.009,-0.957,0.023,0.793,0.427,0.366,124.274
139415,156247,12915,0.007,-0.955,0.023,0.793,0.427,0.366,124.28
139424,156410,12606,0.005,-0.956,0.022,0.61,0.244,0.549,124.284
139424,156246,12900,0.007,-0.961,0.024,0.61,0.244,0.549,124.29
139402,156410,12606,0.009,-0.963,0.018,0.122,0.366,0.488,124.294
139402,156256,12904,0.008,-0.964,0.015,0.122,0.366,0.488,124.3
139387,156410,12606,0.008,-0.966,0.016,0.061,0.366,0.366,124.304
139387,156247,12902,0.008,-0.965,0.016,0.061,0.366,0.366,124.31
139393,156410,12606,0.009,-0.965,0.02,0.183,0.305,0.427,124.314
139393,156241,12906,0.009,-0.964,0.017,0.183,0.305,0.427,124.32
139378,156410,12606,0.005,-0.962,0.021,0.305,0.366,0.488,124.324
139378,156223,12903,0.008,-0.962,0.023,0.305,0.366,0.488,124.33
139375,156410,12606,0.008,-0.96,0.023,0.061,0.427,0.488,124.333
139375,156218,12914,0.007,-0.958,0.027,0.061,0.427,0.488,124.34
139371,156410,12606,0.006,-0.963,0.018,-0.183,0.427,0.427,124.343
139371,156240,12910,0.007,-0.965,0.021,-0.183,0.427,0.427,124.35
139384,156410,12606,0.009,-0.959,0.02,-0.366,0.366,0.305,124.353
139384,156255,12919,0.005,-0.96,0.022,-0.366,0.366,0.305,124.359
139395,156410,12606,0.006,-0.963,0.022,-0.549,0.244,0.366,124.363
139395,156230,12924,0.005,-0.964,0.019,-0.549,0.244,0.366,124.369
139390,156410,12606,0.007,-0.965,0.02,-0.427,0.122,0.488,124.373
139390,156217,12914,0.009,-0.964,0.021,-0.427,0.122,0.488,124.379
139425,156410,12606,0.009,-0.964,0.02,-0.244,0.183,0.427,124.383
139425,156221,12915,0.007,-0.961,0.02,-0.244,0.183,0.427,124.389
139391,156410,12606,0.007,-0.963,0.02,-0.427,0.122,0.427,124.393
139391,156252,12897,0.008,-0.964,0.018,-0.427,0.122,0.427,124.399
139403,156410,12606,0.006,-0.96,0.019,-0.366,0.122,0.427,124.403
139403,156239,12926,0.009,-0.959,0.021,-0.366,0.122,0.427,124.409
139409,156410,12606,0.007,-0.964,0.02,-0.305,0.244,0.366,124.413
139409,156258,12917,0.007,-0.966,0.021,-0.305,0.244,0.366,124.419
139440,156410,12606,0.008,-0.965,0.017,-0.244,0.244,0.305,124.423
139440,156234,12921,0.009,-0.966,0.016,-0.244,0.244,0.305,124.429
139417,156410,12606,0.012,-0.968,0.019,0.305,0.488,0.366,124.432
139417,156244,12921,0.009,-0.965,0.02,0.305,0.488,0.366,124.439
139441,156410,12606,0.009,-0.966,0.02,0.671,0.671,0.549,124.442
139441,156225,12902,0.009,-0.96,0.022,0.671,0.671,0.549,124.449
139443,156410,12606,0.006,-0.959,0.027,0.549,0.61,0.61,124.452
139443,156286,12922,0.009,-0.957,0.027,0.549,0.61,0.61,124.458
139442,156410,12606,0.007,-0.958,0.022,0,0.366,0.549,124.462
139442,156273,12906,0.006,-0.958,0.023,0,0.366,0.549,124.468
139442,156410,12606,0.005,-0.961,0.023,-0.183,0.366,0.549,124.472
139442,156268,12917,0.004,-0.963,0.021,-0.183,0.366,0.549,124.478
139440,156410,12606,0.004,-0.964,0.017,-0.427,0.488,0.61,124.482
139440,156270,12925,0.005,-0.962,0.017,-0.427,0.488,0.61,124.488
139456,156410,12606,0.009,-0.961,0.012,-0.427,0.305,0.549,124.492
139456,156295,12926,0.01,-0.968,0.016,-0.427,0.305,0.549,124.498
139463,156410,12606,0.005,-0.96,0.031,0.061,0.305,0.488,124.502
139463,156295,12917,0.005,-0.948,0.025,0.061,0.305,0.488,124.508
139487,156410,12606,0.006,-0.952,0.021,-0.305,0.183,0.488,124.512
139487,156303,12922,0.009,-0.968,0.019,-0.305,0.183,0.488,124.518
139481,156410,12606,0.013,-0.977,0.014,-0.793,0.305,0.061,124.522
139481,156296,12922,0.009,-0.972,0.011,-0.793,0.305,0.061,124.528
139476,156410,12606,0.009,-0.969,0.016,-0.61,0.366,0.183,124.531
139476,156296,12926,0.011,-0.966,0.017,-0.61,0.366,0.183,124.538
139487,156410,12606,0.009,-0.959,0.022,0.183,0.488,0.427,124.541
139487,156259,12911,0.007,-0.957,0.02,0.183,0.488,0.427,124.548
139472,156410,12606,0.007,-0.954,0.018,0.793,0.854,0.488,124.551
139472,156289,12936,0.005,-0.96,0.017,0.793,0.854,0.488,124.557
139477,156410,12606,0.007,-0.964,0.02,0.549,0.793,0.366,124.561
139477,156276,12920,0.007,-0.971,0.02,0.549,0.793,0.366,124.567
139475,156410,12606,0.008,-0.969,0.018,0.366,0.488,0.366,124.571
139475,156298,12920,0.008,-0.963,0.016,0.366,0.488,0.366,124.577
139458,156410,12606,0.007,-0.963,0.017,0.122,0.488,0.488,124.581
139458,156293,12914,0.009,-0.962,0.018,0.122,0.488,0.488,124.587
139464,156410,12606,0.006,-0.962,0.024,0.305,0.488,0.427,124.591
139464,156268,12916,0.008,-0.959,0.026,0.305,0.488,0.427,124.597
139435,156410,12606,0.01,-0.959,0.027,0.366,0.366,0.366,124.601
139435,156277,12922,0.008,-0.961,0.026,0.366,0.366,0.366,124.607
139470,156410,12606,0.004,-0.963,0.025,-0.122,0.427,0.305,124.611
139470,156289,12897,0.006,-0.962,0.023,-0.122,0.427,0.305,124.617
139472,156410,12606,0.008,-0.961,0.02,-0.549,0.427,0.305,124.621
139472,156269,12927,0.008,-0.963,0.016,-0.549,0.427,0.305,124.627
139486,156410,12606,0.007,-0.965,0.017,-0.61,0.244,0.305,124.63
139486,156314,12921,0.004,-0.965,0.019,-0.61,0.244,0.305,124.637
139488,156410,12606,0.006,-0.965,0.018,-0.366,0.183,0.305,124.64
139488,156284,12932,0.008,-0.964,0.017,-0.366,0.183,0.305,124.646
139462,156410,12606,0.006,-0.962,0.014,-0.122,0.244,0.305,124.65
139462,156297,12925,0.006,-0.964,0.02,-0.122,0.244,0.305,124.656
139481,156410,12606,0.006,-0.964,0.02,-0.122,0.244,0.305,124.66
139481,156290,12913,0.011,-0.967,0.014,-0.061,0.244,0.244,124.666
139455,156410,12606,0.011,-0.967,0.014,-0.061,0.244,0.244,124.67
139455,156266,12905,0.008,-0.967,0.02,0,0.305,0.305,124.676
139445,156410,12606,0.008,-0.967,0.02,0,0.305,0.305,124.68
139445,156266,12933,0.01,-0.956,0.022,0.183,0.488,0.305,124.686
139447,156410,12606,0.01,-0.956,0.022,0.183,0.488,0.305,124.69
139447,156251,12934,0.006,-0.964,0.028,0.427,0.61,0.366,124.696
139442,156410,12606,0.006,-0.964,0.028,0.427,0.61,0.366,124.7
139442,156273,12917,0.009,-0.961,0.023,0.244,0.549,0.366,124.706
139458,156410,12606,0.009,-0.961,0.023,0.244,0.549,0.366,124.71
139458,156267,12914,0.011,-0.96,0.021,-0.183,0.305,0.366,124.716
139477,156410,12606,0.011,-0.96,0.021,-0.183,0.305,0.366,124.72
139477,156271,12920,0.009,-0.965,0.024,-0.366,0.427,0.366,124.726
139465,156410,12606,0.009,-0.965,0.024,-0.366,0.427,0.366,124.729
139465,156286,12927,0.009,-0.963,0.017,-0.366,0.427,0.427,124.736
139495,156410,12606,0.009,-0.963,0.017,-0.366,0.427,0.427,124.739
139495,156275,12932,0.009,-0.963,0.02,-0.305,0.427,0.366,124.745
139444,156410,12606,0.009,-0.963,0.02,-0.305,0.427,0.366,124.749
139444,156254,12931,0.007,-0.962,0.018,-0.061,0.427,0.427,124.755
139438,156410,12606,0.007,-0.962,0.018,-0.061,0.427,0.427,124.759
139438,156242,12913,0.003,-0.965,0.021,0.244,0.488,0.61,124.765
139423,156410,12606,0.003,-0.965,0.021,0.244,0.488,0.61,124.769
139423,156223,12916,0.004,-0.958,0.022,0.366,0.366,0.549,124.775
139361,156410,12606,0.004,-0.958,0.022,0.366,0.366,0.549,124.779
139361,156185,12919,0.007,-0.96,0.021,0.061,0.183,0.549,124.785
139355,156410,12606,0.007,-0.96,0.021,0.061,0.183,0.549,124.789
139355,156202,12914,0.008,-0.963,0.02,-0.122,0.244,0.488,124.795
139344,156410,12606,0.007,-0.964,0.019,-0.122,0.244,0.488,124.799
139344,156177,12924,0.007,-0.967,0.021,0.061,0.427,0.366,124.805
139374,156410,12606,0.01,-0.967,0.018,0.061,0.427,0.366,124.809
139374,156200,12907,0.005,-0.964,0.019,0.183,0.488,0.366,124.815
139380,156410,12606,0.01,-0.964,0.021,0.183,0.488,0.366,124.819
139380,156199,12906,0.009,-0.965,0.02,0.122,0.305,0.366,124.825
139366,156410,12606,0.007,-0.964,0.023,0.122,0.305,0.366,124.828
139366,156221,12907,0.007,-0.965,0.026,0.061,0.488,0.366,124.835
139406,156410,12606,0.009,-0.963,0.024,0.061,0.488,0.366,124.838
139406,156248,12915,0.008,-0.961,0.025,-0.122,0.488,0.244,124.844
139394,156410,12606,0.008,-0.962,0.025,-0.122,0.488,0.244,124.848
139394,156231,12912,0.01,-0.964,0.023,-0.366,0.427,0.244,124.854
139401,156410,12606,0.009,-0.963,0.02,-0.366,0.427,0.244,124.858
139401,156221,12914,0.009,-0.963,0.023,-0.366,0.366,0.366,124.864
139408,156410,12606,0.007,-0.965,0.023,-0.366,0.366,0.366,124.868
139408,156231,12908,0.007,-0.96,0.023,-0.488,0.488,0.244,124.874
139384,156410,12606,0.008,-0.963,0.02,-0.488,0.488,0.244,124.878
139384,156223,12911,0.004,-0.964,0.022,-0.671,0.427,0.305,124.884
139409,156410,12606,0.006,-0.965,0.02,-0.671,0.427,0.305,124.888
139409,156218,12915,0.01,-0.966,0.016,-0.61,0.366,0.427,124.894
139401,156410,12606,0.01,-0.966,0.018,-0.61,0.366,0.427,124.898
139401,156200,12923,0.008,-0.965,0.02,-0.61,0.305,0.549,124.904
139363,156410,12606,0.007,-0.964,0.019,-0.61,0.305,0.549,124.908
139363,156208,12911,0.005,-0.959,0.02,-0.305,0.366,0.488,124.914
139365,156410,12606,0.01,-0.96,0.018,-0.305,0.366,0.488,124.918
139365,156180,12902,0.008,-0.959,0.018,-0.122,0.305,0.427,124.924
139330,156410,12606,0.007,-0.962,0.023,-0.122,0.305,0.427,124.927
139330,156189,12900,0.008,-0.965,0.02,0.366,0.549,0.366,124.934
139323,156410,12606,0.009,-0.963,0.02,0.366,0.549,0.366,124.937
139323,156162,12898,0.007,-0.963,0.022,0.427,0.671,0.366,124.943
139324,156410,12606,0.01,-0.963,0.022,0.427,0.671,0.366,124.947
139324,156182,12898,0.011,-0.964,0.022,0.305,0.488,0.366,124.953
139345,156410,12606,0.008,-0.961,0.022,0.305,0.488,0.366,124.957
139345,156180,12915,0.005,-0.963,0.022,0.122,0.488,0.366,124.963
139357,156410,12606,0.005,-0.961,0.023,0.122,0.488,0.366,124.967
139357,156178,12908,0.009,-0.958,0.024,-0.122,0.366,0.366,124.973
139342,156410,12606,0.008,-0.961,0.021,-0.122,0.366,0.366,124.977
139342,156205,12920,0.007,-0.964,0.018,-0.244,0.244,0.366,124.983
139326,156410,12606,0.007,-0.967,0.021,-0.244,0.244,0.366,124.987
139326,156220,12916,0.01,-0.967,0.025,0,0.305,0.427,124.993
139343,156410,12606,0.008,-0.966,0.02,0,0.305,0.427,124.997
139343,156188,12895,0.005,-0.965,0.019,-0.183,0.427,0.427,125.003
139330,156154,12606,0.007,-0.964,0.019,-0.183,0.427,0.427,125.007
139330,156159,12891,0.006,-0.962,0.022,-0.244,0.244,0.305,125.013
139339,156410,12606,0.009,-0.964,0.023,-0.244,0.244,0.305,125.016
139339,156176,12908,0.009,-0.963,0.02,-0.183,0.061,0.366,125.023
139351,156410,12606,0.011,-0.96,0.021,-0.183,0.061,0.366,125.026
139351,156189,12905,0.007,-0.961,0.025,-0.183,0.305,0.305,125.033
139317,156410,12606,0.008,-0.963,0.026,-0.183,0.305,0.305,125.036
139317,156171,12907,0.008,-0.964,0.023,-0.183,0.366,0.122,125.042
139302,156410,12606,0.007,-0.965,0.021,-0.183,0.366,0.122,125.046
139302,156170,12891,0.01,-0.962,0.019,-0.244,0.305,0.183,125.052
139308,156410,12606,0.007,-0.962,0.022,-0.244,0.305,0.183,125.056
139308,156178,12903,0.008,-0.961,0.021,-0.427,0.427,0.305,125.062
139322,156154,12606,0.008,-0.961,0.018,-0.427,0.427,0.305,125.066
139322,156156,12908,0.007,-0.959,0.025,-0.61,0.366,0.244,125.072
139288,156154,12606,0.005,-0.963,0.021,-0.61,0.366,0.244,125.076
139288,156158,12908,0.006,-0.963,0.02,-0.671,0.305,0.122,125.082
139339,156410,12606,0.008,-0.963,0.017,-0.671,0.305,0.122,125.086
139339,156185,12891,0.006,-0.965,0.02,-0.854,0.244,0.244,125.092
139315,156410,12606,0.011,-0.963,0.019,-0.854,0.244,0.244,125.096
139315,156176,12901,0.012,-0.962,0.021,-0.793,0.244,0.244,125.102
139322,156410,12606,0.011,-0.963,0.018,-0.793,0.244,0.244,125.106
139322,156205,12911,0.008,-0.965,0.016,-0.366,0.244,0.427,125.112
139344,156410,12606,0.009,-0.967,0.018,-0.366,0.244,0.427,125.115
139344,156180,12902,0.01,-0.964,0.018,0,0.427,0.488,125.122
139316,156410,12606,0.01,-0.964,0.021,0,0.427,0.488,125.125
139316,156178,12893,0.007,-0.963,0.021,0,0.549,0.549,125.132
139331,156410,12606,0.007,-0.961,0.021,0,0.549,0.549,125.135
139331,156187,12893,0.008,-0.963,0.022,-0.122,0.366,0.549,125.141
139314,156410,12606,0.01,-0.962,0.025,-0.122,0.366,0.549,125.145
139314,156177,12895,0.006,-0.961,0.02,-0.244,0.366,0.549,125.151
139304,156410,12606,0.006,-0.962,0.02,-0.244,0.366,0.549,125.155
139304,156185,12903,0.006,-0.964,0.02,-0.427,0.488,0.427,125.161
139316,156154,12606,0.007,-0.964,0.021,-0.427,0.488,0.427,125.165
139316,156152,12891,0.006,-0.964,0.017,-0.305,0.427,0.305,125.171
139310,156154,12606,0.005,-0.966,0.016,-0.305,0.427,0.305,125.175
139310,156137,12885,0.008,-0.965,0.018,-0.305,0.427,0.244,125.181
139300,156154,12606,0.006,-0.964,0.017,-0.305,0.427,0.244,125.185
139300,156145,12898,0.006,-0.962,0.018,-0.366,0.427,0.244,125.191
139318,156410,12606,0.007,-0.964,0.022,-0.366,0.427,0.244,125.195
139318,156165,12880,0.006,-0.963,0.021,-0.305,0.366,0.244,125.201
139333,156154,12606,0.009,-0.957,0.021,-0.305,0.366,0.244,125.205
139333,156156,12884,0.006,-0.957,0.022,-0.305,0.366,0.244,125.211
139342,156410,12606,0.006,-0.96,0.02,-0.305,0.366,0.244,125.214
139342,156182,12903,0.01,-0.963,0.022,-0.427,0.366,0.122,125.221
139330,156410,12606,0.011,-0.964,0.019,-0.427,0.366,0.122,125.224
139330,156193,12890,0.011,-0.963,0.02,-0.244,0.305,0.183,125.231
139334,156410,12606,0.011,-0.963,0.02,-0.244,0.305,0.183,125.234
139334,156165,12891,0.009,-0.963,0.019,-0.305,0.244,0.305,125.24
139311,156410,12606,0.009,-0.963,0.019,-0.305,0.244,0.305,125.244
139311,156160,12902,0.008,-0.965,0.021,-0.366,0.305,0.366,125.25
139302,156410,12606,0.008,-0.965,0.021,-0.366,0.305,0.366,125.254
139302,156177,12911,0.01,-0.962,0.021,-0.488,0.183,0.305,125.26
139303,156410,12606,0.01,-0.962,0.021,-0.488,0.183,0.305,125.264
139303,156161,12889,0.008,-0.969,0.019,-0.305,0.183,0.427,125.27
139302,156154,12606,0.008,-0.969,0.019,-0.305,0.183,0.427,125.274
139302,156144,12902,0.011,-0.961,0.022,-0.366,0.061,0.549,125.28
139327,156154,12606,0.011,-0.961,0.022,-0.366,0.061,0.549,125.284
139327,156145,12896,0.006,-0.962,0.02,-0.549,0.305,0.61,125.29
139303,156154,12606,0.006,-0.962,0.02,-0.549,0.305,0.61,125.294
139303,156139,12883,0.009,-0.967,0.015,-0.244,0.488,0.488,125.3
139303,156154,12606,0.009,-0.967,0.015,-0.244,0.488,0.488,125.304
139303,156159,12894,0.006,-0.965,0.021,0.244,0.488,0.427,125.31
139319,156410,12606,0.006,-0.965,0.021,0.244,0.488,0.427,125.313
139319,156161,12886,0.008,-0.957,0.024,0.183,0.488,0.488,125.32
139329,156154,12606,0.008,-0.957,0.024,0.183,0.488,0.488,125.323
139329,156158,12898,0.006,-0.964,0.019,0,0.732,0.427,125.33
139317,156410,12606,0.006,-0.964,0.019,0,0.732,0.427,125.333
139317,156170,12902,0.007,-0.964,0.021,-0.122,0.671,0.305,125.339
139346,156410,12606,0.007,-0.964,0.021,-0.122,0.671,0.305,125.343
139346,156181,12883,0.006,-0.963,0.023,-0.183,0.488,0.305,125.349
139326,156410,12606,0.006,-0.963,0.023,-0.183,0.488,0.305,125.353
139326,156165,12887,0.005,-0.96,0.023,-0.549,0.305,0.305,125.359
139315,156410,12606,0.005,-0.96,0.023,-0.549,0.305,0.305,125.363
139315,156201,12887,0.009,-0.965,0.02,-0.854,0.244,0.244,125.369
139341,156410,12606,0.009,-0.965,0.02,-0.854,0.244,0.244,125.373
139341,156188,12889,0.008,-0.964,0.02,-0.854,0.244,0.244,125.379
139322,156410,12606,0.009,-0.965,0.02,-0.915,0.244,0.122,125.383
139322,156174,12900,0.008,-0.963,0.02,-0.915,0.244,0.122,125.389
139348,156410,12606,0.008,-0.965,0.02,-0.732,0.305,0.122,125.393
139348,156181,12879,0.006,-0.966,0.018,-0.732,0.305,0.122,125.399
139314,156410,12606,0.009,-0.965,0.017,-0.732,0.305,0.244,125.403
139314,156168,12903,0.011,-0.963,0.018,-0.732,0.305,0.244,125.409
139308,156154,12606,0.008,-0.963,0.019,-0.671,0.061,0.366,125.412
139308,156146,12896,0.012,-0.967,0.019,-0.671,0.061,0.366,125.419
139318,156154,12606,0.01,-0.965,0.018,-0.549,0.305,0.366,125.422
139318,156159,12888,0.009,-0.963,0.015,-0.549,0.305,0.366,125.429
139314,156154,12606,0.008,-0.966,0.018,-0.122,0.549,0.427,125.432
139314,156157,12870,0.006,-0.964,0.02,-0.122,0.549,0.427,125.438
139288,156410,12606,0.008,-0.964,0.019,0.122,0.488,0.427,125.442
139288,156170,12884,0.008,-0.96,0.021,0.122,0.488,0.427,125.448
139316,156410,12606,0.008,-0.959,0.019,0.122,0.488,0.488,125.452
139316,156170,12896,0.005,-0.962,0.019,0.122,0.488,0.488,125.458
139323,156410,12606,0.008,-0.964,0.021,0.244,0.61,0.427,125.462
139323,156163,12890,0.012,-0.965,0.023,0.244,0.61,0.427,125.468
139341,156410,12606,0.008,-0.962,0.025,0.183,0.549,0.366,125.472
139341,156172,12882,0.006,-0.962,0.024,0.183,0.549,0.366,125.478
139350,156410,12606,0.004,-0.965,0.023,-0.061,0.61,0.427,125.482
139350,156161,12885,0.008,-0.963,0.019,-0.061,0.61,0.427,125.488
139328,156410,12606,0.007,-0.964,0.019,-0.305,0.427,0.488,125.492
139328,156173,12897,0.003,-0.962,0.018,-0.305,0.427,0.488,125.498
139335,156410,12606,0.004,-0.963,0.021,-0.488,0.427,0.305,125.502
139335,156192,12884,0.007,-0.963,0.017,-0.488,0.427,0.305,125.508
139311,156154,12606,0.005,-0.96,0.021,-0.61,0.366,0.244,125.511
139311,156159,12900,0.006,-0.963,0.018,-0.61,0.366,0.244,125.518
139319,156410,12606,0.004,-0.965,0.021,-0.549,0.244,0.183,125.521
139319,156184,12897,0.005,-0.964,0.021,-0.549,0.244,0.183,125.528
139303,156154,12606,0.011,-0.963,0.016,-0.549,0.122,0.061,125.531
139303,156135,12885,0.01,-0.964,0.017,-0.549,0.122,0.061,125.537
139284,156154,12606,0.01,-0.963,0.016,-0.671,0.122,0.122,125.541
139284,156135,12889,0.01,-0.963,0.02,-0.671,0.122,0.122,125.547
139262,156154,12606,0.009,-0.964,0.021,-0.488,0.183,0.061,125.551
139262,156146,12888,0.014,-0.964,0.019,-0.488,0.183,0.061,125.557
139263,156154,12606,0.01,-0.964,0.02,-0.305,0.305,0.183,125.561
139263,156141,12888,0.008,-0.964,0.017,-0.305,0.305,0.183,125.567
139252,156154,12606,0.009,-0.963,0.019,-0.122,0.366,0.244,125.571
139252,156139,12871,0.011,-0.965,0.016,-0.122,0.366,0.244,125.577
139265,156154,12606,0.008,-0.961,0.019,0.122,0.427,0.366,125.581
139265,156127,12884,0.009,-0.961,0.018,0.122,0.427,0.366,125.587
139251,156154,12606,0.008,-0.966,0.02,0.366,0.61,0.488,125.591
139251,156125,12876,0.009,-0.966,0.022,0.366,0.61,0.488,125.597
139246,156154,12606,0.008,-0.958,0.023,0.549,0.61,0.61,125.601
139246,156141,12874,0.008,-0.956,0.024,0.549,0.61,0.61,125.607
139275,156154,12606,0.006,-0.96,0.023,0.061,0.488,0.549,125.61
139275,156137,12885,0.006,-0.961,0.025,0.061,0.488,0.549,125.617
139273,156154,12606,0.006,-0.961,0.022,-0.427,0.488,0.366,125.62
139273,156136,12892,0.007,-0.962,0.023,-0.427,0.488,0.366,125.627
139271,156410,12606,0.007,-0.962,0.021,-0.854,0.366,0.366,125.63
139271,156162,12896,0.005,-0.962,0.021,-0.854,0.366,0.366,125.636
139289,156410,12606,0.007,-0.961,0.021,-0.793,0.305,0.305,125.64
139289,156195,12890,0.009,-0.962,0.021,-0.793,0.305,0.305,125.646
139281,156154,12606,0.007,-0.964,0.022,-0.854,0.244,0.183,125.65
139281,156140,12898,0.007,-0.964,0.019,-0.854,0.244,0.183,125.656
139296,156154,12606,0.009,-0.964,0.021,-1.098,0.244,0.183,125.66
139296,156156,12869,0.008,-0.967,0.016,-1.098,0.244,0.183,125.666
139259,156154,12606,0.005,-0.967,0.011,-1.037,0.122,0.244,125.67
139259,156120,12884,0.009,-0.964,0.014,-1.037,0.122,0.244,125.676
139264,156154,12606,0.01,-0.962,0.016,-0.671,0.183,0.305,125.68
139264,156121,12881,0.01,-0.963,0.015,-0.671,0.183,0.305,125.686
139243,156154,12606,0.009,-0.965,0.019,-0.305,0.366,0.366,125.69
139243,156103,12875,0.011,-0.966,0.017,-0.305,0.366,0.366,125.696
139257,156154,12606,0.007,-0.967,0.021,0.244,0.671,0.305,125.7
139257,156126,12876,0.01,-0.967,0.018,0.244,0.671,0.305,125.706
139265,156154,12606,0.008,-0.966,0.018,0.305,0.732,0.305,125.709
139265,156135,12876,0.008,-0.965,0.02,0.305,0.732,0.305,125.716
139260,156410,12606,0.008,-0.962,0.02,0.366,0.671,0.427,125.719
139260,156170,12894,0.009,-0.962,0.019,0.366,0.671,0.427,125.726
139273,156410,12606,0.009,-0.962,0.023,0.366,0.671,0.549,125.729
139273,156176,12871,0.007,-0.96,0.023,0.366,0.671,0.549,125.735
139280,156154,12606,0.005,-0.959,0.023,0.122,0.732,0.427,125.739
139280,156148,12890,0.005,-0.956,0.023,0.122,0.732,0.427,125.745
139282,156154,12606,0.007,-0.957,0.026,-0.305,0.488,0.366,125.749
139282,156145,12880,0.006,-0.962,0.024,-0.305,0.488,0.366,125.755
139243,156154,12606,0.008,-0.961,0.021,-0.793,0.366,0.305,125.759
139243,156131,12874,0.008,-0.963,0.015,-0.793,0.366,0.305,125.765
139254,156154,12606,0.007,-0.961,0.014,-1.098,0.427,0.244,125.769
139254,156119,12870,0.01,-0.963,0.016,-1.098,0.427,0.244,125.775
139233,156154,12606,0.011,-0.965,0.02,-0.915,0.427,0.122,125.779
139233,156084,12870,0.011,-0.966,0.015,-0.915,0.427,0.122,125.785
139230,156154,12606,0.007,-0.964,0.014,-0.488,0.671,0.183,125.789
139230,156097,12861,0.008,-0.961,0.017,-0.488,0.671,0.183,125.795
139219,156154,12606,0.008,-0.964,0.017,-0.183,0.488,0.366,125.799
139219,156081,12868,0.008,-0.963,0.021,-0.183,0.488,0.366,125.805
139211,156154,12606,0.01,-0.963,0.021,-0.183,0.427,0.427,125.808
139211,156084,12890,0.008,-0.961,0.015,-0.183,0.427,0.427,125.815
139223,156154,12606,0.008,-0.961,0.015,-0.183,0.427,0.427,125.818
139223,156109,12851,0.008,-0.963,0.02,-0.305,0.427,0.366,125.825
139200,156154,12606,0.008,-0.963,0.02,-0.305,0.427,0.366,125.828
139200,156108,12879,0.007,-0.963,0.017,-0.305,0.305,0.366,125.834
139248,156154,12606,0.007,-0.963,0.017,-0.305,0.305,0.366,125.838
139248,156122,12876,0.008,-0.962,0.017,-0.244,0.305,0.427,125.844
139252,156154,12606,0.008,-0.962,0.017,-0.244,0.305,0.427,125.848
139252,156105,12882,0.008,-0.962,0.017,-0.122,0.305,0.427,125.854
139272,156154,12606,0.008,-0.962,0.017,-0.122,0.305,0.427,125.858
139272,156115,12884,0.009,-0.964,0.019,-0.122,0.366,0.366,125.864
139281,156154,12606,0.009,-0.964,0.019,-0.122,0.366,0.366,125.868
139281,156142,12872,0.011,-0.963,0.017,-0.183,0.366,0.427,125.874
139292,156154,12606,0.011,-0.963,0.017,-0.183,0.366,0.427,125.878
139292,156140,12889,0.01,-0.963,0.02,-0.122,0.427,0.366,125.884
139294,156154,12606,0.01,-0.963,0.02,-0.122,0.427,0.366,125.888
139294,156138,12874,0.009,-0.962,0.019,-0.122,0.427,0.366,125.894
139294,156154,12606,0.009,-0.962,0.019,-0.122,0.427,0.366,125.898
139294,156131,12874,0.007,-0.962,0.019,-0.183,0.427,0.488,125.904
139299,156154,12606,0.007,-0.962,0.019,-0.183,0.427,0.488,125.907
139299,156123,12882,0.009,-0.96,0.021,-0.366,0.366,0.427,125.914
139272,156154,12606,0.009,-0.96,0.021,-0.366,0.366,0.427,125.917
139272,156141,12881,0.007,-0.964,0.017,-0.427,0.305,0.427,125.924
139264,156154,12606,0.007,-0.964,0.017,-0.427,0.305,0.427,125.927
139264,156108,12879,0.009,-0.966,0.019,-0.366,0.549,0.366,125.933
139273,156154,12606,0.009,-0.966,0.019,-0.366,0.549,0.366,125.937
139273,156085,12883,0.008,-0.965,0.015,-0.305,0.671,0.427,125.943
139245,156154,12606,0.008,-0.965,0.015,-0.305,0.671,0.427,125.947
139245,156082,12884,0.01,-0.961,0.02,-0.305,0.488,0.427,125.953
139238,156154,12606,0.01,-0.961,0.02,-0.305,0.488,0.427,125.957
139238,156125,12883,0.007,-0.963,0.02,-0.244,0.366,0.427,125.963
139237,156154,12606,0.008,-0.963,0.017,-0.244,0.366,0.427,125.967
139237,156119,12871,0.009,-0.962,0.016,-0.305,0.305,0.427,125.973
139267,156154,12606,0.007,-0.964,0.017,-0.305,0.305,0.427,125.977
139267,156091,12879,0.01,-0.966,0.018,-0.244,0.244,0.366,125.983
139248,156154,12606,0.01,-0.966,0.02,-0.244,0.244,0.366,125.987
139248,156113,12885,0.01,-0.969,0.015,0,0.366,0.366,125.993
139238,156154,12606,0.009,-0.965,0.017,0,0.366,0.366,125.997
139238,156129,12866,0.009,-0.958,0.018,0.427,0.427,0.427,126.003
139250,156154,12606,0.012,-0.963,0.022,0.427,0.427,0.427,126.006
139250,156123,12867,0.01,-0.962,0.02,0.61,0.488,0.488,126.013
139252,156154,12606,0.007,-0.96,0.021,0.61,0.488,0.488,126.016
139252,156103,12880,0.007,-0.958,0.022,0.549,0.549,0.427,126.023
139251,156154,12606,0.008,-0.96,0.023,0.549,0.549,0.427,126.026
139251,156106,12864,0.008,-0.959,0.022,0.061,0.366,0.427,126.032
139253,156154,12606,0.007,-0.959,0.02,0.061,0.366,0.427,126.036
139253,156095,12877,0.012,-0.961,0.022,-0.305,0.366,0.366,126.042
139241,156154,12606,0.004,-0.96,0.02,-0.305,0.366,0.366,126.046
139241,156109,12867,0.007,-0.962,0.019,-0.244,0.488,0.305,126.052
139265,156154,12606,0.011,-0.963,0.018,-0.244,0.488,0.305,126.056
139265,156126,12875,0.01,-0.966,0.019,-0.305,0.305,0.305,126.062
139258,156154,12606,0.012,-0.968,0.02,-0.305,0.305,0.305,126.066
139258,156154,12861,0.008,-0.967,0.018,-0.427,0.305,0.366,126.072
139281,156154,12606,0.007,-0.963,0.019,-0.427,0.305,0.366,126.076
139281,156141,12867,0.005,-0.96,0.018,-0.427,0.366,0.366,126.082
139281,156154,12606,0.006,-0.961,0.017,-0.427,0.366,0.366,126.086
139281,156137,12886,0.009,-0.965,0.018,-0.427,0.244,0.427,126.092
139273,156154,12606,0.01,-0.966,0.02,-0.427,0.244,0.427,126.096
139273,156139,12866,0.011,-0.964,0.016,-0.366,0.366,0.366,126.102
139272,156154,12606,0.009,-0.964,0.017,-0.366,0.366,0.366,126.105
139272,156126,12877,0.004,-0.966,0.018,-0.122,0.366,0.488,126.112
139258,156154,12606,0.007,-0.964,0.019,-0.122,0.366,0.488,126.115
139258,156114,12866,0.006,-0.962,0.02,-0.061,0.244,0.427,126.122
139258,156154,12606,0.009,-0.96,0.02,-0.061,0.244,0.427,126.125
139258,156083,12871,0.006,-0.957,0.02,-0.122,0.305,0.427,126.131
139233,156154,12606,0.005,-0.959,0.02,-0.122,0.305,0.427,126.135
139233,156103,12882,0.008,-0.961,0.019,-0.305,0.244,0.366,126.141
139281,156154,12606,0.009,-0.962,0.022,-0.305,0.244,0.366,126.145
139281,156089,12860,0.01,-0.962,0.02,-0.427,0.244,0.305,126.151
139228,156154,12606,0.008,-0.963,0.02,-0.427,0.244,0.305,126.155
139228,156100,12884,0.008,-0.963,0.02,-0.366,0.183,0.305,126.161
139269,156154,12606,0.008,-0.961,0.019,-0.366,0.183,0.305,126.165
139269,156125,12860,0.008,-0.961,0.02,-0.488,0.122,0.427,126.171
139252,156154,12606,0.011,-0.961,0.019,-0.488,0.122,0.427,126.175
139252,156103,12873,0.011,-0.964,0.018,-0.427,0.366,0.427,126.181
139260,156154,12606,0.011,-0.964,0.019,-0.427,0.366,0.427,126.185
139260,156083,12865,0.01,-0.965,0.02,-0.366,0.732,0.305,126.191
139270,156154,12606,0.01,-0.96,0.016,-0.366,0.732,0.305,126.195
139270,156107,12878,0.006,-0.963,0.02,-0.244,0.732,0.366,126.201
139285,156154,12606,0.008,-0.962,0.022,-0.244,0.732,0.366,126.204
139285,156126,12870,0.011,-0.96,0.019,-0.305,0.549,0.488,126.211
139278,156154,12606,0.005,-0.961,0.019,-0.305,0.549,0.488,126.214
139278,156149,12872,0.006,-0.961,0.018,-0.427,0.61,0.427,126.22
139275,156154,12606,0.007,-0.961,0.017,-0.427,0.61,0.427,126.224
139275,156150,12865,0.007,-0.963,0.017,-0.366,0.427,0.427,126.23
139292,156154,12606,0.006,-0.967,0.015,-0.366,0.427,0.427,126.234
139292,156122,12868,0.007,-0.964,0.015,-0.183,0.366,0.427,126.24
139295,156154,12606,0.01,-0.964,0.02,-0.183,0.366,0.427,126.244
139295,156103,12880,0.01,-0.966,0.019,0,0.244,0.427,126.25
139262,156154,12606,0.007,-0.964,0.017,0,0.244,0.427,126.254
139262,156119,12878,0.007,-0.961,0.021,-0.061,0.244,0.366,126.26
139252,156154,12606,0.009,-0.962,0.021,-0.061,0.244,0.366,126.264
139252,156101,12849,0.01,-0.96,0.019,-0.305,0.244,0.427,126.27
139271,156154,12606,0.009,-0.957,0.021,-0.305,0.244,0.427,126.274
139271,156102,12876,0.01,-0.959,0.021,-0.427,0.244,0.427,126.28
139280,156154,12606,0.007,-0.961,0.019,-0.427,0.244,0.427,126.284
139280,156110,12867,0.008,-0.964,0.017,-0.305,0.305,0.427,126.29
139308,156154,12606,0.01,-0.966,0.02,-0.305,0.305,0.427,126.294
139308,156138,12875,0.009,-0.965,0.021,-0.183,0.366,0.366,126.3
139311,156154,12606,0.01,-0.965,0.017,-0.183,0.366,0.366,126.303
139311,156111,12874,0.007,-0.965,0.019,-0.061,0.549,0.488,126.31
139283,156154,12606,0.004,-0.965,0.02,-0.061,0.549,0.488,126.313
139283,156135,12885,0.007,-0.964,0.022,-0.122,0.427,0.427,126.32
139308,156154,12606,0.007,-0.963,0.02,-0.122,0.427,0.427,126.323
139308,156135,12879,0.009,-0.96,0.021,-0.244,0.366,0.305,126.329
139305,156154,12606,0.008,-0.961,0.021,-0.244,0.366,0.305,126.333
139305,156113,12885,0.009,-0.961,0.02,-0.427,0.366,0.244,126.339
139296,156154,12606,0.006,-0.965,0.017,-0.427,0.366,0.244,126.343
139296,156132,12874,0.006,-0.966,0.016,-0.549,0.366,0.183,126.349
139288,156154,12606,0.01,-0.967,0.016,-0.549,0.366,0.183,126.353
139288,156132,12867,0.009,-0.963,0.021,-0.366,0.366,0.244,126.359
139277,156154,12606,0.009,-0.962,0.017,-0.366,0.366,0.244,126.363
139277,156142,12882,0.007,-0.966,0.019,-0.366,0.183,0.305,126.369
139290,156154,12606,0.009,-0.963,0.015,-0.366,0.183,0.305,126.373
139290,156135,12878,0.008,-0.961,0.018,-0.488,0.305,0.244,126.379
139280,156154,12606,0.009,-0.962,0.02,-0.488,0.305,0.244,126.383
139280,156126,12862,0.008,-0.963,0.02,-0.427,0.305,0.183,126.389
139275,156154,12606,0.011,-0.964,0.017,-0.427,0.305,0.183,126.393
139275,156116,12852,0.008,-0.963,0.018,-0.244,0.244,0.305,126.399
139283,156154,12606,0.007,-0.965,0.018,-0.244,0.244,0.305,126.402
139283,156137,12870,0.01,-0.965,0.017,-0.183,0.183,0.366,126.409
139275,156154,12606,0.01,-0.965,0.017,-0.183,0.183,0.366,126.412
139275,156122,12881,0.009,-0.963,0.018,-0.244,0.244,0.427,126.418
139268,156154,12606,0.009,-0.963,0.018,-0.244,0.244,0.427,126.422
139268,156113,12867,0.011,-0.964,0.017,-0.244,0.305,0.427,126.428
139280,156154,12606,0.011,-0.964,0.017,-0.244,0.305,0.427,126.432
139280,156137,12871,0.01,-0.964,0.019,0.061,0.488,0.549,126.438
139273,156154,12606,0.01,-0.964,0.019,0.061,0.488,0.549,126.442
139273,156110,12871,0.01,-0.961,0.019,0.244,0.671,0.488,126.448
139264,156154,12606,0.01,-0.961,0.019,0.244,0.671,0.488,126.452
139264,156109,12878,0.01,-0.963,0.015,0.366,0.61,0.427,126.458
139281,156154,12606,0.01,-0.963,0.015,0.366,0.61,0.427,126.462
139281,156128,12868,0.007,-0.962,0.021,0.366,0.671,0.427,126.468
139282,156154,12606,0.007,-0.962,0.021,0.366,0.671,0.427,126.472
139282,156127,12892,0.007,-0.964,0.02,0.366,0.549,0.427,126.478
139307,156154,12606,0.007,-0.964,0.02,0.366,0.549,0.427,126.482
139307,156131,12870,0.009,-0.962,0.02,0.305,0.488,0.488,126.488
139316,156154,12606,0.009,-0.962,0.02,0.305,0.488,0.488,126.492
139316,156129,12858,0.007,-0.963,0.02,0.366,0.305,0.427,126.498
139304,156154,12606,0.007,-0.963,0.02,0.366,0.305,0.427,126.501
139304,156136,12889,0.01,-0.962,0.018,0.122,0.427,0.366,126.508
139312,156410,12606,0.01,-0.962,0.018,0.122,0.427,0.366,126.511
139312,156164,12875,0.008,-0.964,0.017,0.122,0.488,0.427,126.517
139317,156154,12606,0.008,-0.964,0.017,0.122,0.488,0.427,126.521
139317,156121,12872,0.008,-0.961,0.021,0.366,0.366,0.488,126.527
139286,156154,12606,0.008,-0.961,0.021,0.366,0.366,0.488,126.531
139286,156139,12889,0.007,-0.96,0.017,0.366,0.427,0.488,126.537
139309,156154,12606,0.007,-0.96,0.017,0.366,0.427,0.488,126.541
139309,156137,12864,0.005,-0.964,0.02,0.244,0.366,0.488,126.547
139282,156154,12606,0.005,-0.964,0.02,0.244,0.366,0.488,126.551
139282,156128,12863,0.007,-0.96,0.016,0.244,0.366,0.488,126.557
139264,156154,12606,0.004,-0.962,0.018,-0.061,0.183,0.427,126.561
139264,156136,12878,0.007,-0.96,0.021,-0.061,0.183,0.427,126.567
139256,156154,12606,0.006,-0.965,0.02,-0.183,0.183,0.366,126.571
139256,156126,12869,0.009,-0.964,0.02,-0.183,0.183,0.366,126.577
139266,156154,12606,0.012,-0.964,0.019,-0.122,0.183,0.244,126.581
139266,156104,12877,0.009,-0.965,0.018,-0.122,0.183,0.244,126.587
139298,156154,12606,0.01,-0.966,0.015,-0.122,0.366,0.244,126.591
139298,156112,12868,0.01,-0.965,0.017,-0.122,0.366,0.244,126.597
139285,156154,12606,0.01,-0.965,0.022,0.122,0.427,0.427,126.6
139285,156129,12868,0.009,-0.965,0.02,0.122,0.427,0.427,126.607
139258,156154,12606,0.011,-0.962,0.019,0.183,0.427,0.549,126.61
139258,156110,12876,0.013,-0.961,0.02,0.183,0.427,0.549,126.617
139249,156154,12606,0.009,-0.958,0.021,0.427,0.671,0.488,126.62
139249,156086,12868,0.008,-0.96,0.021,0.427,0.671,0.488,126.626
139235,156154,12606,0.007,-0.963,0.024,0.305,0.732,0.427,126.63
139235,156074,12853,0.008,-0.962,0.021,0.305,0.732,0.427,126.636
139214,156154,12606,0.006,-0.96,0.022,-0.183,0.549,0.427,126.64
139214,156073,12863,0.008,-0.958,0.021,-0.183,0.549,0.427,126.646
139209,156154,12606,0.009,-0.96,0.023,-0.488,0.366,0.549,126.65
139209,156048,12865,0.006,-0.96,0.022,-0.488,0.366,0.549,126.656
139186,156154,12606,0.006,-0.962,0.021,-0.671,0.061,0.488,126.66
139186,156060,12869,0.007,-0.963,0.017,-0.671,0.061,0.488,126.666
139193,156154,12606,0.006,-0.964,0.02,-0.732,0.061,0.427,126.67
139193,156049,12861,0.005,-0.963,0.022,-0.732,0.061,0.427,126.676
139180,156154,12606,0.009,-0.962,0.017,-0.732,0,0.366,126.68
139180,156049,12861,0.008,-0.965,0.018,-0.732,0,0.366,126.686
139182,156154,12606,0.011,-0.961,0.018,-0.793,0.122,0.305,126.69
139182,156040,12859,0.007,-0.963,0.019,-0.793,0.122,0.305,126.696
139151,156154,12606,0.01,-0.963,0.017,-0.732,0.183,0.427,126.699
139151,156052,12850,0.012,-0.963,0.018,-0.732,0.183,0.427,126.706
139139,156154,12606,0.008,-0.964,0.014,-0.488,0.305,0.427,126.709
139139,156028,12839,0.008,-0.964,0.017,-0.488,0.305,0.427,126.715
139156,156154,12606,0.007,-0.965,0.019,-0.183,0.366,0.427,126.719
139156,156043,12853,0.009,-0.963,0.017,-0.183,0.366,0.427,126.725
139187,156154,12606,0.005,-0.964,0.017,0,0.549,0.488,126.729
139187,156048,12863,0.009,-0.967,0.02,0,0.549,0.488,126.735
139211,156154,12606,0.007,-0.963,0.023,0.427,0.61,0.427,126.739
139211,156048,12852,0.007,-0.959,0.019,0.427,0.61,0.427,126.745
139206,156154,12606,0.005,-0.961,0.02,0.366,0.671,0.305,126.749
139206,156080,12858,0.005,-0.962,0.019,0.366,0.671,0.305,126.755
139215,156154,12606,0.007,-0.964,0.021,0.061,0.488,0.366,126.759
139215,156061,12863,0.006,-0.962,0.021,0.061,0.488,0.366,126.765
139202,156154,12606,0.007,-0.963,0.018,-0.305,0.244,0.427,126.769
139202,156049,12861,0.009,-0.965,0.021,-0.305,0.244,0.427,126.775
139183,156154,12606,0.008,-0.964,0.02,-0.366,0.305,0.366,126.779
139183,156060,12854,0.009,-0.965,0.02,-0.366,0.305,0.366,126.785
139214,156154,12606,0.011,-0.962,0.019,-0.427,0.244,0.366,126.789
139214,156058,12859,0.01,-0.965,0.019,-0.427,0.244,0.366,126.795
139200,156154,12606,0.007,-0.963,0.019,-0.305,0.305,0.366,126.798
139200,156065,12872,0.006,-0.963,0.02,-0.305,0.305,0.366,126.805
139190,156154,12606,0.006,-0.961,0.021,-0.122,0.366,0.305,126.808
139190,156042,12839,0.009,-0.958,0.022,-0.122,0.366,0.305,126.814
139186,156154,12606,0.007,-0.961,0.019,-0.305,0.183,0.366,126.818
139186,156053,12860,0.009,-0.963,0.019,-0.305,0.183,0.366,126.824
139194,156154,12606,0.01,-0.964,0.019,-0.488,0.183,0.366,126.828
139194,156070,12861,0.008,-0.966,0.015,-0.488,0.183,0.366,126.834
139175,156154,12606,0.007,-0.963,0.021,-0.305,0.305,0.427,126.838
139175,156056,12854,0.006,-0.963,0.019,-0.305,0.305,0.427,126.844
139184,156154,12606,0.006,-0.964,0.017,-0.122,0.244,0.427,126.848
139184,156040,12836,0.007,-0.96,0.022,-0.122,0.244,0.427,126.854
139164,156154,12606,0.005,-0.958,0.021,-0.122,0.122,0.488,126.858
139164,156065,12852,0.007,-0.959,0.017,-0.122,0.122,0.488,126.864
139170,156154,12606,0.01,-0.962,0.018,-0.366,0.122,0.427,126.868
139170,156012,12851,0.01,-0.96,0.021,-0.366,0.122,0.427,126.874
139171,156154,12606,0.008,-0.961,0.02,-0.366,0.244,0.366,126.878
139171,156022,12854,0.007,-0.962,0.018,-0.366,0.244,0.366,126.884
139171,156154,12606,0.008,-0.963,0.019,-0.244,0.366,0.366,126.888
139171,156029,12863,0.008,-0.963,0.021,-0.244,0.366,0.366,126.894
139214,156154,12606,0.011,-0.963,0.018,0,0.549,0.366,126.897
139214,156067,12846,0.007,-0.962,0.019,0,0.549,0.366,126.904
139206,156154,12606,0.009,-0.964,0.022,0.122,0.671,0.305,126.907
139206,156124,12861,0.008,-0.964,0.02,0.122,0.671,0.305,126.913
139209,156154,12606,0.008,-0.962,0.023,0.122,0.61,0.366,126.917
139209,156086,12831,0.008,-0.962,0.019,0.122,0.61,0.366,126.923
139199,156154,12606,0.007,-0.96,0.022,0,0.488,0.427,126.927
139199,156084,12855,0.005,-0.958,0.021,0,0.488,0.427,126.933
139204,156154,12606,0.007,-0.961,0.021,-0.366,0.366,0.305,126.937
139204,156079,12849,0.007,-0.962,0.021,-0.366,0.366,0.305,126.943
139195,156154,12606,0.007,-0.963,0.023,-0.793,0.183,0.244,126.947
139195,156071,12867,0.008,-0.963,0.018,-0.793,0.183,0.244,126.953
139190,156154,12606,0.008,-0.965,0.021,-0.793,0.183,0.366,126.957
139190,156061,12849,0.01,-0.964,0.02,-0.793,0.183,0.366,126.963
139173,156154,12606,0.009,-0.962,0.019,-0.61,0.244,0.427,126.967
139173,156028,12863,0.011,-0.961,0.018,-0.61,0.244,0.427,126.973
139184,156154,12606,0.006,-0.966,0.02,-0.366,0.305,0.366,126.977
139184,156037,12848,0.008,-0.966,0.015,-0.366,0.305,0.366,126.983
139172,156154,12606,0.009,-0.962,0.019,-0.244,0.305,0.366,126.987
139172,156046,12840,0.008,-0.962,0.019,-0.244,0.305,0.366,126.993
139153,156154,12606,0.008,-0.962,0.019,-0.244,0.305,0.366,126.996
139153,156062,12865,0.008,-0.962,0.02,0,0.488,0.427,127.003
139188,156154,12606,0.008,-0.962,0.02,0,0.488,0.427,127.006
139188,156074,12843,0.005,-0.964,0.015,0.061,0.427,0.427,127.012
139196,156154,12606,0.005,-0.964,0.015,0.061,0.427,0.427,127.016
139196,156081,12867,0.01,-0.961,0.019,0,0.427,0.427,127.022
139252,156154,12606,0.01,-0.961,0.019,0,0.427,0.427,127.026
139252,156085,12853,0.008,-0.965,0.02,0.061,0.427,0.427,127.032
139236,156154,12606,0.008,-0.965,0.02,0.061,0.427,0.427,127.036
139236,156107,12862,0.009,-0.964,0.022,0.061,0.427,0.488,127.042
139259,156154,12606,0.009,-0.964,0.022,0.061,0.427,0.488,127.046
139259,156096,12853,0.008,-0.963,0.022,0.061,0.305,0.427,127.052
139257,156154,12606,0.008,-0.963,0.022,0.061,0.305,0.427,127.056
139257,156100,12864,0.006,-0.959,0.019,-0.061,0.366,0.427,127.062
139244,156154,12606,0.006,-0.959,0.019,-0.061,0.366,0.427,127.066
139244,156127,12863,0.01,-0.963,0.021,-0.305,0.366,0.366,127.072
139284,156154,12606,0.01,-0.963,0.021,-0.305,0.366,0.366,127.076
139284,156112,12863,0.01,-0.965,0.021,-0.549,0.244,0.366,127.082
139257,156154,12606,0.01,-0.965,0.021,-0.549,0.244,0.366,127.086
139257,156093,12864,0.008,-0.962,0.021,-0.671,0.305,0.366,127.092
139252,156154,12606,0.008,-0.962,0.021,-0.671,0.305,0.366,127.095
139252,156092,12860,0.008,-0.965,0.019,-0.732,0.305,0.427,127.102
139262,156154,12606,0.008,-0.965,0.019,-0.732,0.305,0.427,127.105
139262,156097,12876,0.007,-0.964,0.016,-0.732,0.427,0.427,127.111
139241,156154,12606,0.007,-0.964,0.016,-0.732,0.427,0.427,127.115
139241,156082,12857,0.006,-0.963,0.014,-0.488,0.488,0.488,127.121
139230,156154,12606,0.006,-0.963,0.014,-0.488,0.488,0.488,127.125
139230,156068,12853,0.005,-0.959,0.019,-0.305,0.366,0.366,127.131
139227,156154,12606,0.005,-0.959,0.019,-0.305,0.366,0.366,127.135
139227,156063,12850,0.007,-0.962,0.017,-0.244,0.305,0.366,127.141
139236,156154,12606,0.007,-0.963,0.016,-0.244,0.305,0.366,127.145
139236,156079,12858,0.007,-0.964,0.017,-0.305,0.183,0.305,127.151
139238,156154,12606,0.004,-0.963,0.02,-0.305,0.183,0.305,127.155
139238,156094,12858,0.009,-0.964,0.018,-0.488,0.183,0.305,127.161
139210,156154,12606,0.011,-0.962,0.017,-0.488,0.183,0.305,127.165
139210,156086,12860,0.007,-0.962,0.018,-0.366,0.183,0.244,127.171
139221,156154,12606,0.01,-0.963,0.019,-0.366,0.183,0.244,127.175
139221,156096,12844,0.011,-0.96,0.02,-0.122,0.244,0.244,127.181
139256,156154,12606,0.011,-0.964,0.021,-0.122,0.244,0.244,127.184
139256,156089,12857,0.008,-0.965,0.017,0,0.488,0.366,127.191
139256,156154,12606,0.008,-0.965,0.019,0,0.488,0.366,127.194
139256,156108,12851,0.008,-0.966,0.021,-0.122,0.366,0.366,127.201
139273,156154,12606,0.01,-0.966,0.018,-0.122,0.366,0.366,127.204
139273,156128,12861,0.006,-0.964,0.016,-0.244,0.427,0.427,127.21
139287,156154,12606,0.005,-0.962,0.021,-0.244,0.427,0.427,127.214
139287,156111,12845,0.006,-0.961,0.021,-0.122,0.427,0.427,127.22
139291,156154,12606,0.007,-0.96,0.022,-0.122,0.427,0.427,127.224
139291,156153,12856,0.012,-0.96,0.024,-0.183,0.305,0.244,127.23
139285,156154,12606,0.011,-0.962,0.023,-0.183,0.305,0.244,127.234
139285,156098,12861,0.007,-0.963,0.02,-0.488,0.488,0.183,127.24
139269,156154,12606,0.009,-0.962,0.02,-0.488,0.488,0.183,127.244
139269,156124,12865,0.007,-0.965,0.018,-0.732,0.488,0.183,127.25
139249,156154,12606,0.007,-0.966,0.019,-0.732,0.488,0.183,127.254
139249,156105,12852,0.006,-0.965,0.018,-0.793,0.427,0.122,127.26
139254,156154,12606,0.009,-0.964,0.016,-0.793,0.427,0.122,127.264
139254,156101,12868,0.009,-0.963,0.019,-0.61,0.427,0.183,127.27
139268,156154,12606,0.011,-0.963,0.016,-0.61,0.427,0.183,127.274
139268,156094,12874,0.007,-0.962,0.02,-0.366,0.427,0.183,127.28
139287,156154,12606,0.006,-0.963,0.02,-0.366,0.427,0.183,127.284
139287,156098,12857,0.011,-0.967,0.014,-0.366,0.427,0.244,127.29
139276,156154,12606,0.009,-0.966,0.016,-0.366,0.427,0.244,127.293
139276,156091,12851,0.006,-0.961,0.016,-0.366,0.549,0.122,127.3
139285,156154,12606,0.011,-0.964,0.016,-0.366,0.549,0.122,127.303
139285,156114,12865,0.008,-0.962,0.016,0,0.61,0.061,127.309
139292,156154,12606,0.007,-0.963,0.019,0,0.61,0.061,127.313
139292,156143,12856,0.008,-0.966,0.016,0.305,0.549,0.183,127.319
139277,156154,12606,0.01,-0.965,0.015,0.305,0.549,0.183,127.323
139277,156142,12876,0.008,-0.965,0.019,0.427,0.427,0.244,127.329
139305,156154,12606,0.007,-0.964,0.019,0.427,0.427,0.244,127.333
139305,156125,12857,0.009,-0.963,0.017,0.427,0.427,0.305,127.339
139313,156154,12606,0.006,-0.962,0.019,0.427,0.427,0.305,127.343
139313,156151,12861,0.008,-0.963,0.017,0.427,0.366,0.305,127.349
139295,156410,12606,0.007,-0.963,0.02,0.427,0.366,0.305,127.353
139295,156160,12868,0.005,-0.965,0.019,0.793,0.488,0.305,127.359
139316,156154,12606,0.009,-0.965,0.02,0.793,0.488,0.305,127.363
139316,156140,12854,0.01,-0.962,0.02,0.976,0.61,0.488,127.369
139282,156154,12606,0.006,-0.96,0.025,0.976,0.61,0.488,127.373
139282,156110,12856,0.006,-0.958,0.023,0.793,0.488,0.427,127.379
139289,156154,12606,0.01,-0.959,0.025,0.793,0.488,0.427,127.382
139289,156108,12846,0.008,-0.962,0.025,0.305,0.549,0.366,127.389
139266,156154,12606,0.006,-0.962,0.023,0.305,0.549,0.366,127.392
139266,156101,12849,0.008,-0.962,0.021,0.183,0.549,0.366,127.399
139286,156154,12606,0.009,-0.961,0.021,0.183,0.549,0.366,127.402
139286,156125,12843,0.007,-0.963,0.02,0,0.61,0.427,127.408
139224,156154,12606,0.008,-0.963,0.021,0,0.61,0.427,127.412
139224,156084,12846,0.009,-0.963,0.022,0.122,0.61,0.427,127.418
139223,156154,12606,0.006,-0.958,0.021,0.122,0.61,0.427,127.422
139223,156091,12857,0.007,-0.961,0.019,-0.061,0.427,0.366,127.428
139223,156154,12606,0.011,-0.964,0.019,-0.061,0.427,0.366,127.432
139223,156060,12849,0.008,-0.964,0.018,-0.427,0.366,0.305,127.438
139199,156154,12606,0.008,-0.965,0.017,-0.427,0.366,0.305,127.442
139199,156075,12854,0.006,-0.964,0.015,-0.427,0.244,0.366,127.448
139222,156154,12606,0.006,-0.963,0.015,-0.427,0.244,0.366,127.452
139222,156098,12857,0.01,-0.963,0.019,-0.305,0.183,0.366,127.458
139236,156154,12606,0.011,-0.965,0.015,-0.305,0.183,0.366,127.462
139236,156077,12844,0.011,-0.961,0.02,-0.122,0.244,0.305,127.468
139230,156154,12606,0.01,-0.96,0.026,-0.122,0.244,0.305,127.472
139230,156108,12857,0.008,-0.962,0.017,0.305,0.549,0.305,127.478
139259,156154,12606,0.007,-0.966,0.016,0.305,0.549,0.305,127.482
139259,156100,12841,0.01,-0.964,0.02,0.549,0.732,0.244,127.488
139219,156154,12606,0.01,-0.962,0.024,0.549,0.732,0.244,127.491
139219,156095,12855,0.01,-0.962,0.024,0.549,0.549,0.305,127.498
139258,156154,12606,0.009,-0.961,0.026,0.549,0.549,0.305,127.501
139258,156070,12836,0.005,-0.959,0.024,0.366,0.488,0.366,127.507
139212,156154,12606,0.005,-0.96,0.026,0.366,0.488,0.366,127.511
139212,156065,12868,0.006,-0.958,0.027,-0.122,0.305,0.305,127.517
139221,156154,12606,0.009,-0.963,0.021,-0.122,0.305,0.305,127.521
139221,156069,12847,0.008,-0.962,0.02,-0.61,0.122,0.305,127.527
139165,156154,12606,0.008,-0.963,0.022,-0.61,0.122,0.305,127.531
139165,156051,12848,0.005,-0.964,0.019,-0.671,0.183,0.366,127.537
139186,156154,12606,0.008,-0.964,0.021,-0.671,0.183,0.366,127.541
139186,156032,12847,0.01,-0.964,0.02,-0.671,0.061,0.305,127.547
139151,156154,12606,0.009,-0.964,0.017,-0.671,0.061,0.305,127.551
139151,156012,12838,0.007,-0.966,0.018,-0.732,0.061,0.366,127.557
139166,156154,12606,0.008,-0.964,0.018,-0.732,0.061,0.366,127.561
139166,156014,12842,0.007,-0.961,0.02,-0.61,0.244,0.488,127.567
139146,156154,12606,0.009,-0.961,0.019,-0.61,0.244,0.488,127.571
139146,156013,12835,0.009,-0.963,0.02,-0.427,0.305,0.488,127.577
139140,156154,12606,0.009,-0.963,0.02,-0.427,0.305,0.488,127.58
139140,156058,12844,0.01,-0.966,0.022,-0.244,0.427,0.427,127.587
139179,156154,12606,0.01,-0.966,0.022,-0.244,0.427,0.427,127.59
139179,156023,12839,0.008,-0.963,0.017,0,0.427,0.427,127.597
139151,156154,12606,0.008,-0.963,0.017,0,0.427,0.427,127.6
139151,156034,12849,0.009,-0.961,0.021,0.061,0.671,0.488,127.606
139178,156154,12606,0.009,-0.961,0.021,0.061,0.671,0.488,127.61
139178,156015,12836,0.004,-0.961,0.019,-0.122,0.671,0.427,127.616
139180,156154,12606,0.004,-0.961,0.019,-0.122,0.671,0.427,127.62
139180,156026,12833,0.01,-0.965,0.018,-0.122,0.488,0.366,127.626
139186,156154,12606,0.01,-0.965,0.018,-0.122,0.488,0.366,127.63
139186,156029,12850,0.007,-0.962,0.021,0.061,0.427,0.366,127.636
139215,156154,12606,0.007,-0.962,0.021,0.061,0.427,0.366,127.64
139215,156051,12847,0.007,-0.959,0.026,-0.122,0.366,0.427,127.646
139212,156154,12606,0.007,-0.959,0.026,-0.122,0.366,0.427,127.65
139212,156059,12843,0.007,-0.962,0.026,-0.549,0.305,0.305,127.656
139220,156154,12606,0.007,-0.962,0.026,-0.549,0.305,0.305,127.66
139220,156064,12858,0.009,-0.964,0.019,-1.037,0.183,0.183,127.666
139210,156154,12606,0.009,-0.964,0.019,-1.037,0.183,0.183,127.67
139210,156055,12836,0.01,-0.964,0.02,-1.098,0.183,0.183,127.676
139229,156154,12606,0.01,-0.964,0.02,-1.098,0.183,0.183,127.679
139229,156050,12856,0.011,-0.966,0.016,-0.915,0.183,0.305,127.686
139243,156154,12606,0.011,-0.966,0.016,-0.915,0.183,0.305,127.689
139243,156085,12842,0.009,-0.968,0.014,-0.61,0.366,0.366,127.696
139267,156154,12606,0.009,-0.968,0.014,-0.61,0.366,0.366,127.699
139267,156088,12846,0.009,-0.961,0.013,-0.488,0.366,0.488,127.705
139266,156154,12606,0.009,-0.961,0.013,-0.488,0.366,0.488,127.709
139266,156092,12829,0.007,-0.962,0.018,-0.305,0.488,0.488,127.715
139239,156154,12606,0.007,-0.962,0.018,-0.305,0.488,0.488,127.719
139239,156088,12838,0.007,-0.964,0.013,-0.305,0.488,0.488,127.725
139261,156154,12606,0.006,-0.965,0.015,-0.122,0.671,0.366,127.729
139261,156089,12851,0.01,-0.963,0.02,-0.122,0.671,0.366,127.735
139232,156154,12606,0.011,-0.963,0.023,0.122,0.488,0.366,127.739
139232,156114,12846,0.009,-0.966,0.02,0.122,0.488,0.366,127.745
139255,156154,12606,0.008,-0.967,0.021,0.122,0.488,0.305,127.749
139255,156098,12839,0.008,-0.964,0.021,0.122,0.488,0.305,127.755
139289,156154,12606,0.009,-0.96,0.022,-0.061,0.488,0.366,127.759
139289,156129,12856,0.009,-0.963,0.019,-0.061,0.488,0.366,127.765
139272,156154,12606,0.009,-0.962,0.015,0,0.366,0.366,127.769
139272,156123,12857,0.007,-0.962,0.022,0,0.366,0.366,127.775
139264,156154,12606,0.007,-0.963,0.025,0.061,0.427,0.427,127.779
139264,156111,12842,0.008,-0.963,0.021,0.061,0.427,0.427,127.785
139269,156154,12606,0.005,-0.966,0.022,0,0.305,0.366,127.788
139269,156121,12849,0.009,-0.963,0.021,0,0.305,0.366,127.795
139263,156154,12606,0.011,-0.959,0.02,-0.244,0.183,0.305,127.798
139263,156099,12852,0.01,-0.958,0.021,-0.244,0.183,0.305,127.804
139255,156154,12606,0.01,-0.964,0.021,-0.244,0.427,0.305,127.808
139255,156099,12852,0.01,-0.964,0.02,-0.244,0.427,0.305,127.814
139249,156154,12606,0.009,-0.96,0.021,-0.366,0.305,0.366,127.818
139249,156101,12843,0.013,-0.96,0.023,-0.366,0.305,0.366,127.824
139230,156154,12606,0.012,-0.962,0.022,-0.427,0.305,0.427,127.828
139230,156081,12838,0.007,-0.962,0.021,-0.427,0.305,0.427,127.834
139256,156154,12606,0.01,-0.968,0.018,-0.244,0.488,0.366,127.838
139256,156091,12837,0.012,-0.965,0.013,-0.244,0.488,0.366,127.844
139250,156154,12606,0.009,-0.961,0.017,-0.183,0.671,0.427,127.848
139250,156071,12838,0.006,-0.962,0.021,-0.183,0.671,0.427,127.854
139230,156154,12606,0.007,-0.962,0.021,-0.183,0.671,0.427,127.858
139230,156110,12842,0.008,-0.961,0.02,-0.183,0.671,0.427,127.864
139251,156154,12606,0.01,-0.964,0.016,-0.305,0.549,0.488,127.868
139251,156086,12854,0.008,-0.962,0.019,-0.305,0.549,0.488,127.874
139264,156154,12606,0.008,-0.962,0.021,-0.366,0.671,0.366,127.877
139264,156093,12838,0.01,-0.964,0.019,-0.366,0.671,0.366,127.884
139286,156154,12606,0.007,-0.964,0.016,-0.244,0.549,0.305,127.887
139286,156083,12825,0.007,-0.963,0.016,-0.244,0.549,0.305,127.894
139272,156154,12606,0.008,-0.964,0.022,-0.122,0.427,0.305,127.897
139272,156091,12858,0.008,-0.963,0.021,-0.122,0.427,0.305,127.903
139280,156154,12606,0.008,-0.963,0.022,-0.061,0.305,0.366,127.907
139280,156119,12854,0.011,-0.965,0.015,-0.061,0.305,0.366,127.913
139275,156154,12606,0.009,-0.965,0.016,0.061,0.427,0.366,127.917
139275,156120,12848,0.01,-0.965,0.019,0.061,0.427,0.366,127.923
139289,156154,12606,0.009,-0.964,0.019,0.244,0.549,0.305,127.927
139289,156109,12846,0.006,-0.962,0.021,0.244,0.549,0.305,127.933
139272,156154,12606,0.004,-0.959,0.02,0.305,0.427,0.427,127.937
139272,156112,12845,0.008,-0.96,0.023,0.305,0.427,0.427,127.943
139268,156154,12606,0.006,-0.955,0.025,0.122,0.305,0.488,127.947
139268,156138,12846,0.009,-0.96,0.022,0.122,0.305,0.488,127.953
139258,156154,12606,0.008,-0.964,0.022,-0.183,0.305,0.366,127.957
139258,156111,12832,0.009,-0.963,0.022,-0.183,0.305,0.366,127.963
139263,156154,12606,0.01,-0.964,0.021,-0.488,0.366,0.305,127.967
139263,156096,12859,0.01,-0.962,0.023,-0.488,0.366,0.305,127.973
139241,156154,12606,0.008,-0.965,0.02,-0.427,0.305,0.366,127.977
139241,156069,12830,0.006,-0.964,0.021,-0.427,0.305,0.366,127.983
139239,156154,12606,0.007,-0.961,0.021,-0.366,0.305,0.366,127.986
139239,156108,12850,0.012,-0.963,0.021,-0.366,0.305,0.366,127.993
139254,156154,12606,0.007,-0.96,0.021,-0.366,0.305,0.366,127.996
139254,156104,12840,0.008,-0.957,0.021,-0.366,0.305,0.366,128.002
139286,156154,12606,0.009,-0.961,0.02,-0.549,0.427,0.305,128.006
139286,156125,12839,0.012,-0.963,0.021,-0.549,0.427,0.305,128.012
139309,156154,12606,0.012,-0.964,0.018,-0.549,0.366,0.366,128.016
139309,156139,12835,0.008,-0.963,0.016,-0.549,0.366,0.366,128.022
139292,156154,12606,0.006,-0.965,0.017,-0.488,0.366,0.427,128.026
139292,156117,12854,0.013,-0.966,0.017,-0.488,0.366,0.427,128.032
139296,156154,12606,0.01,-0.964,0.016,-0.366,0.305,0.427,128.036
139296,156125,12850,0.009,-0.966,0.017,-0.366,0.305,0.427,128.042
139316,156154,12606,0.006,-0.963,0.021,-0.244,0.427,0.488,128.046
139316,156128,12853,0.004,-0.963,0.019,-0.244,0.427,0.488,128.052
139283,156154,12606,0.009,-0.962,0.02,-0.305,0.244,0.488,128.056
139283,156127,12859,0.011,-0.961,0.019,-0.305,0.244,0.488,128.062
139290,156154,12606,0.008,-0.962,0.019,-0.183,0.244,0.366,128.066
139290,156113,12841,0.009,-0.964,0.016,-0.183,0.244,0.366,128.072
139264,156154,12606,0.008,-0.964,0.019,-0.244,0.183,0.427,128.075
139264,156115,12856,0.007,-0.959,0.019,-0.244,0.183,0.427,128.082
